M,seed_index,clean_deep_rm_slowdown,clean_source_tetris_slowdown,p3_deep_rm_slowdown,p3_source_tetris_slowdown,deg_M,delta_clean_source_minus_deeprm,delta_p3_source_minus_deeprm
10,0,47.37118906093906,67.58478554778554,44.76786804861805,67.58478554778554,-2.603321012321011,20.213596486846484,22.816917499167495
10,1,40.70935972360973,65.87566017316017,42.36240426240426,65.87566017316017,1.653044538794532,25.16630044955044,23.51325591075591
10,2,42.9004781052281,68.60868548118547,46.71973643023642,68.60868548118547,3.8192583250083203,25.70820737595737,21.88894905094905
10,3,44.664503912753915,60.091639360639356,47.02043006993007,60.091639360639356,2.3559261571761567,15.42713544788544,13.071209290709284
10,4,34.05547027972028,50.30752006327007,28.786874125874125,50.30752006327007,-5.268596153846158,16.252049783549786,21.520645937395944
10,5,37.55395054945055,68.39299558774559,37.120757409257415,68.39299558774559,-0.4331931401931328,30.83904503829504,31.272238178488173
10,6,20.360305944055945,41.80478238428238,18.264359057609056,41.80478238428238,-2.095946886446889,21.44447644022644,23.540423326673327
10,7,45.512217698967696,63.603686230436224,42.47719164169164,63.603686230436224,-3.035026057276056,18.09146853146853,21.126494588744585
10,8,22.191571595071597,51.02312021312022,26.979132867132872,51.02312021312022,4.787561272061275,28.831548618048625,24.04398734598735
10,9,39.91872877122877,69.56870895770895,42.72231035631035,69.56870895770895,2.803581585081581,29.649980186480178,26.846398601398597
10,10,24.720416833166833,54.173575674325676,21.743052863802863,54.173575674325676,-2.977363969363971,29.453158841158842,32.43052281052282
10,11,15.155430236430236,30.063120546120544,20.36619821844822,30.063120546120544,5.210767982017982,14.907690309690308,9.696922327672326
10,12,39.77572902097902,62.57283183483184,34.760264735264734,62.57283183483184,-5.0154642857142875,22.797102813852817,27.812567099567104
10,13,47.55750915750916,71.1335347985348,44.86503296703297,71.1335347985348,-2.6924761904761922,23.576025641025637,26.26850183150183
10,14,31.805784632034634,53.86914735264736,33.21196986346986,53.86914735264736,1.4061852314352272,22.063362720612727,20.6571774891775
10,15,30.871732517482524,59.147081085581085,32.69799617049617,59.147081085581085,1.826263653013644,28.27534856809856,26.449084915084917
10,16,36.67203388278388,62.71488636363637,40.791036796536794,62.71488636363637,4.119002913752915,26.04285248085249,21.923849567099573
10,17,17.794311854811852,42.495925407925405,18.4741476023976,42.495925407925405,0.6798357475857486,24.701613553113553,24.021777805527805
10,18,56.5962644022644,85.88719713619713,58.396299284049284,85.88719713619713,1.8000348817848817,29.290932733932728,27.490897852147846
10,19,32.481126373626374,54.433687312687304,33.25079220779221,54.433687312687304,0.7696658341658349,21.95256093906093,21.182895104895096
10,20,51.83238819513819,72.6759850982351,47.83472635697636,72.6759850982351,-3.9976618381618323,20.84359690309691,24.84125874125874
10,21,27.679599067599064,51.71534299034299,29.600267149517148,51.71534299034299,1.920668081918084,24.035743922743926,22.115075840825842
10,22,54.39017574092574,80.75323792873793,54.04053746253746,80.75323792873793,-0.34963827838828365,26.36306218781219,26.712700466200474
10,23,42.822308857808856,59.731751831501825,41.56650732600733,59.731751831501825,-1.2558015318015237,16.90944297369297,18.165244505494492
10,24,37.81579212454212,61.345469447219436,39.861090825840826,61.345469447219436,2.045298701298705,23.529677322677315,21.48437862137861
10,25,20.991091158841158,47.03315767565768,22.500390775890775,47.03315767565768,1.5092996170496171,26.04206651681652,24.5327668997669
10,26,12.187011488511489,31.510836746586747,13.15332176157176,31.510836746586747,0.9663102730602713,19.32382525807526,18.357514985014987
10,27,39.65242932067932,74.31861671661673,40.680915168165164,74.31861671661673,1.0284858474858467,34.66618739593741,33.63770154845157
10,28,36.429593406593405,74.75043514818516,45.20542307692308,74.75043514818516,8.775829670329678,38.32084174159176,29.54501207126208
10,29,34.113194139194135,56.961522560772565,36.86011138861139,56.961522560772565,2.746917249417251,22.84832842157843,20.10141117216118
3,0,86.05198834498835,85.40433616383616,80.68003613053612,85.40433616383616,-5.371952214452222,-0.647652181152182,4.72430003330004
3,1,83.99755044955046,90.57454736929738,85.83733141858141,90.57454736929738,1.8397809690309543,6.576996919746918,4.737215950715964
3,2,83.28311355311354,92.87115093240092,83.38438478188478,92.87115093240092,0.10127122877123895,9.588037379287385,9.486766150516146
3,3,82.8808623043623,80.7076913086913,76.37244472194472,80.7076913086913,-6.508417582417579,-2.1731709956710006,4.335246586746578
3,4,65.79674592074592,75.03397127872127,61.45969696969698,75.03397127872127,-4.337048951048942,9.237225357975348,13.57427430902429
3,5,89.57109781884782,107.39021786546786,89.74954836829838,107.39021786546786,0.1784505494505595,17.819120046620043,17.640669497169483
3,6,48.16904004329004,62.371732933732936,43.58983075258075,62.371732933732936,-4.5792092907092865,14.202692890442897,18.781902181152184
3,7,86.1836018981019,93.65202963702963,90.69845504495504,93.65202963702963,4.514853146853142,7.46842773892773,2.953574592074588
3,8,53.99253704628704,72.6991108891109,52.352495004995,72.6991108891109,-1.6400420412920411,18.706573842823857,20.3466158841159
3,9,75.84373576423576,91.99459224109225,77.85813802863804,91.99459224109225,2.0144022644022783,16.15085647685649,14.136454212454211
3,10,67.3972072927073,71.56565101565101,68.08144780219781,71.56565101565101,0.6842405094905217,4.168443722943721,3.484203213453199
3,11,38.12538186813187,46.75773817848818,35.32683050283051,46.75773817848818,-2.798551365301357,8.632356310356315,11.430907675657672
3,12,69.03006077256079,82.46692957042957,69.21480178155178,82.46692957042957,0.1847410089909971,13.436868797868783,13.252127788877786
3,13,94.58299675324675,100.77448326673326,93.98219721944723,100.77448326673326,-0.6007995337995169,6.19148651348651,6.7922860472860265
3,14,60.028984099234094,72.19464593739593,60.54910631035631,72.19464593739593,0.5201222111222137,12.165661838161839,11.645539627039625
3,15,66.98175499500499,77.71785722610723,69.71760656010656,77.71785722610723,2.7358515651015693,10.736102231102237,8.000250666000667
3,16,74.6459080919081,90.48137853812854,79.03443115218116,90.48137853812854,4.388523060273059,15.835470446220441,11.446947385947382
3,17,45.43552672327672,55.38936896436895,45.75489119214119,55.38936896436895,0.3193644688644639,9.953842241092225,9.634477772227761
3,18,93.04986896436898,112.1897937895438,97.91323984348985,112.1897937895438,4.863370879120865,19.139924825174816,14.276553946053951
3,19,71.01128546453546,74.61039027639028,68.91376806526807,74.61039027639028,-2.097517399267389,3.599104811854815,5.696622211122204
3,20,87.68983932733933,100.78065667665669,89.19720945720947,100.78065667665669,1.5073701298701394,13.090817349317362,11.583447219447223
3,21,54.5033643023643,60.95371478521478,54.77945171495172,60.95371478521478,0.2760874125874224,6.450350482850482,6.174263070263059
3,22,102.7932211122211,104.22971536796537,97.39752622377623,104.22971536796537,-5.395694888444879,1.4364942557442646,6.832189144189144
3,23,67.5402977022977,86.04263727938729,70.09781052281052,86.04263727938729,2.5575128205128124,18.502339577089586,15.944826756576774
3,24,78.536576007326,85.19418414918415,77.43767915417915,85.19418414918415,-1.0988968531468544,6.657608141858148,7.7565049950050025
3,25,56.782318181818184,66.40382775557775,53.565324758574754,66.40382775557775,-3.21699342324343,9.621509573759568,12.838502997002998
3,26,33.09056684981685,43.11533508158508,31.616684981684983,43.11533508158508,-1.473881868131869,10.024768231768228,11.498650099900097
3,27,74.28878679653678,84.16016674991675,76.76223534798535,84.16016674991675,2.47344855144857,9.871379953379972,7.397931401931402
3,28,79.47221586746586,99.525086996337,82.7245089077589,99.525086996337,3.25229304029304,20.052871128871132,16.800578088578092
3,29,74.03975324675325,82.00493689643689,66.68290934065934,82.00493689643689,-7.356843906093914,7.965183649683638,15.322027555777552
1,0,134.8954050949051,122.77615742590743,107.74227955377955,122.77615742590743,-27.153125541125547,-12.119247668997673,15.033877872127874
1,1,112.05794264069266,122.57061904761906,96.69213203463204,122.57061904761906,-15.36581060606062,10.512676406926403,25.878487012987023
1,2,117.78836896436897,118.2063727106227,98.30414643689645,118.2063727106227,-19.484222527472525,0.4180037462537314,19.902226273726257
1,3,105.00386846486846,101.72209831834833,93.85593248418249,101.72209831834833,-11.147935980685972,-3.281770146520131,7.866165834165841
1,4,102.7735755910756,104.66135114885114,77.26063411588412,104.66135114885114,-25.512941475191482,1.8877755577755408,27.400717032967023
1,5,144.39717324342325,125.15164552114553,107.95966733266734,125.15164552114553,-36.43750591075592,-19.24552772227773,17.19197818847819
1,6,97.55556501831502,88.43299775224776,74.18110755910756,88.43299775224776,-23.374457459207463,-9.122567266067264,14.251890193140198
1,7,115.79641275391276,131.96611563436562,104.22417673992675,131.96611563436562,-11.572236013986014,16.16970288045286,27.741938894438874
1,8,109.10708749583749,90.93394147519146,71.88841575091574,90.93394147519146,-37.21867174492175,-18.17314602064603,19.04552572427572
1,9,153.16644713619715,125.61926157176158,102.5740785048285,125.61926157176158,-50.59236863136864,-27.547185564435566,23.045183066933077
1,10,103.08621420246422,101.14638827838826,83.4959512154512,101.14638827838826,-19.59026298701302,-1.9398259240759614,17.65043706293706
1,11,53.1437216949717,73.96600058275058,58.16938245088246,73.96600058275058,5.0256607559107564,20.82227888777888,15.796618131868122
1,12,102.99445221445221,99.87618065268065,86.50381976356975,99.87618065268065,-16.490632450882458,-3.1182715617715644,13.372360889110894
1,13,134.69876356976357,126.52242607392607,116.90101040626041,126.52242607392607,-17.79775316350316,-8.176337495837501,9.621415667665659
1,14,92.99988628038628,93.53779728604728,80.44393731268732,93.53779728604728,-12.555948967698953,0.5379110056610017,13.093859973359955
1,15,111.53949125874125,114.36206560106558,84.95825999000999,114.36206560106558,-26.58123126873126,2.82257434232433,29.40380561105559
1,16,136.06653246753248,116.89687246087246,104.72795895770895,116.89687246087246,-31.338573509823533,-19.169660006660024,12.168913503163509
1,17,77.24249134199134,80.76336122211121,64.29169996669997,80.76336122211121,-12.950791375291374,3.520869880119875,16.47166125541125
1,18,122.51405927405929,133.89830377955377,120.54027555777557,133.89830377955377,-1.9737837162837195,11.384244505494479,13.358028221778198
1,19,106.14824991674992,106.14278912753913,83.95965484515483,106.14278912753913,-22.18859507159509,-0.005460789210786743,22.1831342823843
1,20,135.44606127206129,131.4818736263736,106.84743423243424,131.4818736263736,-28.598627039627047,-3.964187645687673,24.634439393939374
1,21,88.41308674658674,105.1721038128538,78.45585056610057,105.1721038128538,-9.957236180486177,16.759017066267063,26.71625324675324
1,22,139.7786943889444,132.62804528804529,116.18503488178489,132.62804528804529,-23.5936595071595,-7.150649100899102,16.4430104062604
1,23,122.97215492840492,117.86097577422579,94.13339227439228,117.86097577422579,-28.83876265401264,-5.111179154179126,23.727583499833514
1,24,110.83572460872459,115.32266941391943,99.09467865467866,115.32266941391943,-11.74104595404593,4.486944805194838,16.227990759240768
1,25,95.9502256077256,96.6505854978355,75.31296528471529,96.6505854978355,-20.63726032301031,0.700359890109894,21.337620213120204
1,26,43.71637712287712,60.53127289377289,45.84565134865135,60.53127289377289,2.129274225774232,16.814895770895774,14.685621545121542
1,27,103.40325749250749,111.25906318681318,94.68459390609391,111.25906318681318,-8.718663586413584,7.855805694305687,16.57446928071927
1,28,130.568411005661,115.55003663003663,104.17056376956378,115.55003663003663,-26.39784723609722,-15.018374375624376,11.379472860472845
1,29,108.49114535464534,112.18122935397936,97.96367066267067,112.18122935397936,-10.527474691974675,3.6900839993340213,14.217558691308696
