scheme,exp,seed,num_jobs,decision_steps,total_reward,mean_jct,median_jct,p95_jct,reward_implied_mean_jct,makespan,elapsed_seconds
srtf,0,10000000,201,3737,-471.2992499999996,234477.23880597015,38822.0,1733510.0,234477.23880596992,5951441.0,6.1856255531311035
learn,0,10000000,201,5858,-149.3259599999999,74291.5223880597,44625.0,228124.0,74291.52238805965,5318439.0,20.609183311462402
srtf,1,10000001,201,3889,-197.7440600000006,98380.12935323383,39802.0,317198.0,98380.12935323412,5429716.0,4.345283269882202
learn,1,10000001,201,5682,-104.41181000000003,51946.17412935323,34384.0,142638.0,51946.174129353254,4938846.0,19.03875756263733
srtf,2,10000002,201,3613,-598.4969800000007,297759.6915422886,46358.0,2163785.0,297759.69154228887,6086397.0,5.63683295249939
learn,2,10000002,201,5808,-156.9884100000002,78103.68656716419,50481.0,238208.0,78103.68656716427,4957039.0,20.773118257522583
srtf,3,10000003,201,3857,-139.4610400000002,69383.60199004975,37867.0,248689.0,69383.60199004985,5712805.0,3.6985652446746826
learn,3,10000003,201,5632,-89.81863000000001,44685.885572139305,33110.0,109787.0,44685.88557213931,5516703.0,18.23232412338257
srtf,4,10000004,201,3772,-338.3865100000005,168351.4975124378,42525.0,1270478.0,168351.49751243807,5223403.0,5.03005313873291
learn,4,10000004,201,5562,-97.57658999999991,48545.567164179105,38918.0,123721.0,48545.56716417906,5102865.0,18.166179180145264
srtf,5,10000005,201,3681,-704.7310200000007,350612.447761194,44209.0,2114704.0,350612.4477611944,6341526.0,7.190218925476074
learn,5,10000005,201,6221,-162.68099999999959,80935.82089552238,50223.0,233939.0,80935.82089552218,4910442.0,21.420355319976807
srtf,6,10000006,201,3728,-353.2908499999997,175766.592039801,38729.0,1140899.0,175766.59203980086,5508564.0,4.912066459655762
learn,6,10000006,201,5529,-107.99558999999982,53729.149253731346,35467.0,146313.0,53729.14925373125,5091295.0,18.149770498275757
srtf,7,10000007,201,3817,-493.12804000000006,245337.33333333334,42055.0,1471286.0,245337.33333333337,5650362.0,6.602320671081543
learn,7,10000007,201,6162,-128.27562999999998,63818.72139303482,41668.0,198323.0,63818.721393034815,5020397.0,21.518306255340576
srtf,8,10000008,201,3684,-164.98642999999998,82082.80099502488,39963.0,289481.0,82082.80099502487,6206661.0,3.7052834033966064
learn,8,10000008,201,5351,-94.33625000000004,46933.45771144279,36996.0,120783.0,46933.4577114428,5952054.0,17.790708780288696
srtf,9,10000009,201,3735,-691.6279600000006,344093.51243781095,43580.0,2121489.0,344093.51243781124,6135072.0,7.03748083114624
learn,9,10000009,201,5962,-183.84449000000058,91464.92039800996,44963.0,316590.0,91464.92039801023,5016442.0,21.260860443115234
srtf,10,10000010,201,3633,-708.7287399999985,352601.3631840796,43694.0,2891025.0,352601.3631840789,6226927.0,7.575209617614746
learn,10,10000010,201,5929,-156.11107,77667.19900497512,54829.0,260833.0,77667.19900497513,4573871.0,20.97697138786316
srtf,11,10000011,201,3620,-307.27078000000023,152871.03482587065,43183.0,572410.0,152871.03482587077,5585120.0,4.571509122848511
learn,11,10000011,201,5423,-112.05523000000002,55748.87064676617,40179.0,146918.0,55748.870646766176,5403749.0,17.973543643951416
srtf,12,10000012,201,3661,-394.59912000000065,196317.97014925373,41182.0,1031606.0,196317.97014925408,5744620.0,4.800131559371948
learn,12,10000012,201,5572,-118.84380000000003,59126.26865671642,40444.0,161708.0,59126.268656716435,5128420.0,18.89579176902771
srtf,13,10000013,201,3750,-569.8689600000001,283516.89552238805,39301.0,2151161.0,283516.8955223881,5941810.0,6.340065002441406
learn,13,10000013,201,5807,-132.59927000000008,65969.78606965175,44147.0,166923.0,65969.78606965177,4907022.0,20.28109097480774
srtf,14,10000014,201,3692,-224.97693,111928.82089552238,37589.0,396659.0,111928.82089552238,5271343.0,4.07353663444519
learn,14,10000014,201,5509,-106.42234000000019,52946.437810945274,31427.0,141180.0,52946.43781094537,5221637.0,18.209038019180298
srtf,15,10000015,201,3739,-331.9653700000007,165156.90049751243,43656.0,903288.0,165156.90049751278,6015686.0,5.059492826461792
learn,15,10000015,201,5989,-141.51406000000023,70405.00497512438,45967.0,200753.0,70405.0049751245,5093528.0,21.076539754867554
srtf,16,10000016,201,3718,-243.52330000000043,121155.87064676617,37934.0,479075.0,121155.87064676639,5372837.0,4.5785956382751465
learn,16,10000016,201,5650,-96.90288000000015,48210.388059701494,37112.0,116184.0,48210.38805970157,5012581.0,18.45345640182495
srtf,17,10000017,201,3684,-310.58868000000064,154521.73134328358,41930.0,822225.0,154521.7313432839,5934991.0,4.856378793716431
learn,17,10000017,201,5648,-114.66349999999996,57046.517412935325,41987.0,146064.0,57046.5174129353,5222627.0,18.85515522956848
srtf,18,10000018,201,3665,-566.574860000001,281878.03980099503,46879.0,1805637.0,281878.0398009955,6079206.0,7.080885171890259
learn,18,10000018,201,5957,-137.74347000000006,68529.0895522388,47029.0,187317.0,68529.08955223883,5091783.0,20.238751888275146
srtf,19,10000019,201,3786,-598.4167499999992,297719.77611940296,42693.0,1835108.0,297719.77611940255,5703782.0,7.3461949825286865
learn,19,10000019,201,5829,-126.0806500000003,62726.69154228856,44947.0,180201.0,62726.6915422887,4607037.0,20.01730251312256
srtf,20,10000020,201,3688,-285.1775799999995,141879.39303482586,43849.0,676446.0,141879.39303482563,5373640.0,4.968656063079834
learn,20,10000020,201,5658,-106.56089000000006,53015.36815920398,40736.0,139681.0,53015.36815920401,4934034.0,18.66373085975647
srtf,21,10000021,201,3551,-326.8720999999998,162622.93532338308,43211.0,817991.0,162622.935323383,6022143.0,4.313155174255371
learn,21,10000021,201,5595,-138.35177999999985,68831.73134328358,46400.0,186923.0,68831.7313432835,5363603.0,19.53258752822876
srtf,22,10000022,201,3740,-632.2728399999999,314563.60199004976,53007.0,1974370.0,314563.6019900497,6154955.0,6.6994102001190186
learn,22,10000022,201,6084,-157.09650000000016,78157.46268656716,57265.0,194026.0,78157.46268656725,4659352.0,21.520713090896606
srtf,23,10000023,201,3814,-247.3361099999997,123052.79104477612,38459.0,532290.0,123052.79104477596,5551582.0,4.29543399810791
learn,23,10000023,201,5746,-99.56806999999995,49536.35323383084,38879.0,130404.0,49536.35323383082,5547409.0,19.30975079536438
srtf,24,10000024,201,3927,-652.4523100000011,324603.1393034826,50467.0,2206440.0,324603.1393034831,6082268.0,7.289525985717773
learn,24,10000024,201,6162,-154.4244799999998,76828.09950248756,48696.0,231006.0,76828.09950248746,4570394.0,21.877530574798584
srtf,25,10000025,201,3912,-207.85398000000012,103409.94029850746,40936.0,397019.0,103409.94029850751,5205763.0,4.055295467376709
learn,25,10000025,201,5880,-88.21131000000018,43886.22388059701,35370.0,100571.0,43886.22388059711,4979002.0,19.340104579925537
srtf,26,10000026,201,3671,-531.1749299999999,264266.1343283582,42824.0,1432361.0,264266.13432835817,5686868.0,6.022202968597412
learn,26,10000026,201,5737,-152.03117000000006,75637.39800995025,45331.0,223200.0,75637.39800995028,4858477.0,20.089431047439575
srtf,27,10000027,201,3688,-326.3083200000009,162342.44776119402,37011.0,794510.0,162342.44776119446,5492669.0,5.07758903503418
learn,27,10000027,201,5541,-98.3597999999998,48935.22388059701,36204.0,112640.0,48935.22388059691,5039794.0,18.443249940872192
srtf,28,10000028,201,3998,-630.6864300000012,313774.3432835821,44396.0,2078789.0,313774.3432835827,6534190.0,7.37818717956543
learn,28,10000028,201,6664,-155.82061999999974,77522.69651741293,53626.0,230086.0,77522.69651741281,5114043.0,23.406301259994507
srtf,29,10000029,201,3666,-285.36346999999967,141971.87562189053,45121.0,742501.0,141971.8756218904,5577824.0,4.522700786590576
learn,29,10000029,201,5604,-125.30313999999984,62339.87064676617,44957.0,181674.0,62339.870646766096,5133381.0,18.795385122299194
