cell,window_index,offset,method,n_steps,sla_sum,resource_sum,adaptation_nonnoop_sum,source_vertical_sum,action_change_sum,sla_rate,resource_mean,adaptation_nonnoop_rate,source_vertical_rate,action_change_rate
clean,0,12003,rossi,4001.0,135.0,1062.27,1449.0,127.0,1506.0,0.033741564608847786,0.2655011247188203,0.36215946013496625,0.03174206448387903,0.3765
clean,0,12003,threshold,4001.0,2.0,1425.9,32.0,0.0,59.0,0.0004998750312421895,0.356385903524119,0.007998000499875032,0.0,0.01475
clean,1,28007,rossi,4001.0,126.0,883.15,1052.0,86.0,1127.0,0.031492126968257934,0.2207323169207698,0.26293426643339163,0.021494626343414147,0.28175
clean,1,28007,threshold,4001.0,1.0,1212.8000000000002,26.0,0.0,49.0,0.00024993751562109475,0.30312421894526376,0.006498375406148463,0.0,0.01225
clean,2,36009,rossi,4001.0,122.0,1004.17,1854.0,97.0,1975.0,0.030492376905773555,0.25097975506123466,0.4633841539615096,0.02424393901524619,0.49375
clean,2,36009,threshold,4001.0,2.0,1298.5,28.0,0.0,51.0,0.0004998750312421895,0.3245438640339915,0.0069982504373906525,0.0,0.01275
clean,3,56014,rossi,4001.0,129.0,912.22,1627.0,98.0,1622.0,0.03224193951512122,0.22799800049987504,0.40664833791552113,0.024493876530867282,0.4055
clean,3,56014,threshold,4001.0,1.0,1151.9,21.0,0.0,41.0,0.00024993751562109475,0.28790302424393904,0.005248687828042989,0.0,0.01025
clean,4,60015,rossi,4001.0,139.0,1006.23,1330.0,123.0,1356.0,0.034741314671332166,0.25149462634341413,0.332416895776056,0.03074231442139465,0.339
clean,4,60015,threshold,4001.0,1.0,1351.1,33.0,0.0,63.0,0.00024993751562109475,0.33769057735566105,0.008247938015496127,0.0,0.01575
clean,5,76019,rossi,4001.0,118.0,1110.35,1641.0,95.0,1588.0,0.02949262684328918,0.2775181204698825,0.41014746313421646,0.023744063984004,0.397
clean,5,76019,threshold,4001.0,3.0,1375.9,32.0,0.0,57.0,0.0007498125468632841,0.34388902774306424,0.007998000499875032,0.0,0.01425
clean,6,84021,rossi,4001.0,138.0,1159.51,1312.0,97.0,1370.0,0.03449137715571107,0.28980504873781554,0.3279180204948763,0.02424393901524619,0.3425
clean,6,84021,threshold,4001.0,2.0,1539.2000000000003,25.0,0.0,45.0,0.0004998750312421895,0.38470382404398906,0.006248437890527368,0.0,0.01125
clean,7,96024,rossi,4001.0,143.0,1032.83,1574.0,93.0,1649.0,0.035741064733816545,0.25814296425893524,0.3934016495876031,0.02324418895276181,0.41225
clean,7,96024,threshold,4001.0,1.0,1376.8000000000002,28.0,0.0,53.0,0.00024993751562109475,0.34411397150712325,0.0069982504373906525,0.0,0.01325
clean,8,116029,rossi,4001.0,121.0,1006.78,1229.0,99.0,1352.0,0.030242439390152462,0.25163209197700576,0.30717320669832543,0.02474381404648838,0.338
clean,8,116029,threshold,4001.0,2.0,1344.8000000000002,33.0,0.0,61.0,0.0004998750312421895,0.3361159710072482,0.008247938015496127,0.0,0.01525
clean,9,120030,rossi,4001.0,122.0,975.92,1621.0,106.0,1736.0,0.030492376905773555,0.24391902024493875,0.40514871282179454,0.02649337665583604,0.434
clean,9,120030,threshold,4001.0,2.0,1295.6,36.0,0.0,69.0,0.0004998750312421895,0.3238190452386903,0.00899775056235941,0.0,0.01725
clean,10,148037,rossi,4001.0,133.0,970.39,1483.0,103.0,1534.0,0.0332416895776056,0.2425368657835541,0.3706573356660835,0.025743564108972758,0.3835
clean,10,148037,threshold,4001.0,2.0,1291.4,31.0,0.0,57.0,0.0004998750312421895,0.32276930767308176,0.007748062984253936,0.0,0.01425
clean,11,152038,rossi,4001.0,126.0,1029.69,1198.0,90.0,1213.0,0.031492126968257934,0.257358160459885,0.2994251437140715,0.022494376405898527,0.30325
clean,11,152038,threshold,4001.0,2.0,1372.0000000000002,35.0,0.0,65.0,0.0004998750312421895,0.34291427143214204,0.008747813046738315,0.0,0.01625
clean,12,180045,rossi,4001.0,132.0,999.88,1051.0,103.0,1117.0,0.03299175206198451,0.24990752311922018,0.26268432891777055,0.025743564108972758,0.27925
clean,12,180045,threshold,4001.0,0.0,1337.5,28.0,0.0,56.0,0.0,0.3342914271432142,0.0069982504373906525,0.0,0.014
clean,13,184046,rossi,4001.0,139.0,1084.8899999999999,1676.0,73.0,1676.0,0.034741314671332166,0.27115471132216945,0.41889527618095473,0.018245438640339916,0.419
clean,13,184046,threshold,4001.0,2.0,1383.0,31.0,0.0,57.0,0.0004998750312421895,0.345663584103974,0.007748062984253936,0.0,0.01425
clean,14,192048,rossi,4001.0,122.0,1035.5700000000002,1490.0,90.0,1582.0,0.030492376905773555,0.2588277930517371,0.37240689827543116,0.022494376405898527,0.3955
clean,14,192048,threshold,4001.0,2.0,1410.2000000000003,32.0,0.0,59.0,0.0004998750312421895,0.35246188452886784,0.007998000499875032,0.0,0.01475
clean,15,224056,rossi,4001.0,132.0,1049.08,1958.0,116.0,1994.0,0.03299175206198451,0.26220444888777805,0.48937765558610347,0.02899275181204699,0.4985
clean,15,224056,threshold,4001.0,1.0,1374.0,30.0,0.0,57.0,0.00024993751562109475,0.34341414646338414,0.007498125468632842,0.0,0.01425
clean,16,240060,rossi,4001.0,122.0,909.0,1263.0,98.0,1304.0,0.030492376905773555,0.2271932016995751,0.3156710822294426,0.024493876530867282,0.326
clean,16,240060,threshold,4001.0,2.0,1211.6000000000001,29.0,0.0,55.0,0.0004998750312421895,0.3028242939265184,0.007248187953011747,0.0,0.01375
clean,17,248062,rossi,4001.0,107.0,942.3299999999999,1270.0,102.0,1357.0,0.026743314171457137,0.23552361909522618,0.3174206448387903,0.02549362659335166,0.33925
clean,17,248062,threshold,4001.0,0.0,1219.3000000000002,28.0,0.0,55.0,0.0,0.3047488127968008,0.0069982504373906525,0.0,0.01375
clean,18,256064,rossi,4001.0,117.0,992.88,2036.0,89.0,2151.0,0.029242689327668082,0.24815796050987254,0.5088727818045489,0.02224443889027743,0.53775
clean,18,256064,threshold,4001.0,2.0,1305.2,32.0,0.0,59.0,0.0004998750312421895,0.32621844538865286,0.007998000499875032,0.0,0.01475
clean,19,260065,rossi,4001.0,138.0,874.73,1203.0,110.0,1235.0,0.03449137715571107,0.21862784303924018,0.300674831292177,0.02749312671832042,0.30875
clean,19,260065,threshold,4001.0,1.0,1131.9,29.0,0.0,57.0,0.00024993751562109475,0.2829042739315171,0.007248187953011747,0.0,0.01425
clean,20,276069,rossi,4001.0,131.0,1011.25,2116.0,97.0,2122.0,0.03274181454636341,0.25274931267183204,0.5288677830542364,0.02424393901524619,0.5305
clean,20,276069,threshold,4001.0,2.0,1292.8000000000002,35.0,0.0,65.0,0.0004998750312421895,0.3231192201949513,0.008747813046738315,0.0,0.01625
clean,21,348087,rossi,4001.0,101.0,865.37,1738.0,89.0,1811.0,0.025243689077730568,0.21628842789302674,0.43439140214946265,0.02224443889027743,0.45275
clean,21,348087,threshold,4001.0,2.0,1074.3,20.0,0.0,35.0,0.0004998750312421895,0.26850787303174206,0.0049987503124218945,0.0,0.00875
clean,22,380095,rossi,4001.0,122.0,859.1299999999999,1250.0,105.0,1318.0,0.030492376905773555,0.21472881779555109,0.3124218945263684,0.026243439140214948,0.3295
clean,22,380095,threshold,4001.0,2.0,1145.8,27.0,0.0,49.0,0.0004998750312421895,0.28637840539865034,0.006748312921769558,0.0,0.01225
clean,23,392098,rossi,4001.0,152.0,949.16,2073.0,113.0,2116.0,0.0379905023744064,0.23723069232691826,0.5181204698825294,0.028242939265183703,0.529
clean,23,392098,threshold,4001.0,2.0,1313.2,34.0,0.0,65.0,0.0004998750312421895,0.3282179455136216,0.00849787553111722,0.0,0.01625
clean,24,396099,rossi,4001.0,153.0,1067.57,1427.0,127.0,1462.0,0.03824043989002749,0.26682579355161207,0.3566608347913022,0.03174206448387903,0.3655
clean,24,396099,threshold,4001.0,0.0,1430.5,24.0,0.0,48.0,0.0,0.357535616095976,0.005998500374906273,0.0,0.012
clean,25,432108,rossi,4001.0,149.0,989.4599999999999,1504.0,132.0,1539.0,0.03724068982754311,0.24730317420644837,0.3759060234941265,0.03299175206198451,0.38475
clean,25,432108,threshold,4001.0,0.0,1306.9,32.0,0.0,64.0,0.0,0.3266433391652087,0.007998000499875032,0.0,0.016
clean,26,436109,rossi,4001.0,117.0,1016.2599999999999,1109.0,84.0,1149.0,0.029242689327668082,0.2540014996250937,0.27718070482379403,0.020994751312171957,0.28725
clean,26,436109,threshold,4001.0,2.0,1365.0,29.0,0.0,53.0,0.0004998750312421895,0.3411647088227943,0.007248187953011747,0.0,0.01325
clean,27,456114,rossi,4001.0,102.0,1040.78,1224.0,54.0,1271.0,0.02549362659335166,0.26012996750812295,0.3059235191202199,0.013496625843539115,0.31775
clean,27,456114,threshold,4001.0,3.0,1390.5,31.0,0.0,55.0,0.0007498125468632841,0.3475381154711322,0.007748062984253936,0.0,0.01375
clean,28,492123,rossi,4001.0,120.0,936.2099999999999,950.0,110.0,1002.0,0.02999250187453137,0.23399400149962507,0.23744063984004,0.02749312671832042,0.2505
clean,28,492123,threshold,4001.0,2.0,1243.7,33.0,0.0,63.0,0.0004998750312421895,0.31084728817795554,0.008247938015496127,0.0,0.01575
clean,29,512128,rossi,4001.0,110.0,738.6400000000001,883.0,100.0,950.0,0.02749312671832042,0.18461384653836543,0.22069482629342665,0.02499375156210947,0.2375
clean,29,512128,threshold,4001.0,1.0,986.2,23.0,0.0,43.0,0.00024993751562109475,0.24648837790552364,0.005748562859285179,0.0,0.01075
p1_lag_k10,0,12003,rossi,4001.0,54.0,1117.0199999999998,463.0,119.0,521.0,0.013496625843539115,0.2791852036990752,0.11572106973256686,0.029742564358910272,0.13025
p1_lag_k10,0,12003,threshold,4001.0,1150.0,1794.1999999999998,1988.0,0.0,453.0,0.28742814296425895,0.4484378905273681,0.49687578105473634,0.0,0.11325
p1_lag_k10,1,28007,rossi,4001.0,64.0,976.76,650.0,151.0,722.0,0.015996000999750064,0.24412896775806048,0.16245938515371158,0.037740564858785304,0.1805
p1_lag_k10,1,28007,threshold,4001.0,1008.0,1616.4,1794.0,0.0,403.0,0.2519370157460635,0.4039990002499375,0.4483879030242439,0.0,0.10075
p1_lag_k10,2,36009,rossi,4001.0,46.0,1081.42,762.0,82.0,936.0,0.011497125718570358,0.2702874281429643,0.19045238690327418,0.020494876280929768,0.234
p1_lag_k10,2,36009,threshold,4001.0,1081.0,1713.1999999999998,1902.0,0.0,445.0,0.2701824543864034,0.42819295176205946,0.4753811547113222,0.0,0.11125
p1_lag_k10,3,56014,rossi,4001.0,64.0,913.1400000000001,481.0,121.0,636.0,0.015996000999750064,0.22822794301424645,0.12021994501374657,0.030242439390152462,0.159
p1_lag_k10,3,56014,threshold,4001.0,941.0,1541.3,1715.0,0.0,409.0,0.23519120219945014,0.3852286928267933,0.42864283929017744,0.0,0.10225
p1_lag_k10,4,60015,rossi,4001.0,59.0,1118.3400000000001,907.0,114.0,1196.0,0.01474631342164459,0.27951512121969513,0.22669332666833292,0.0284928767808048,0.299
p1_lag_k10,4,60015,threshold,4001.0,1042.0,1689.6,1838.0,0.0,430.0,0.2604348912771807,0.42229442639340165,0.4593851537115721,0.0,0.1075
p1_lag_k10,5,76019,rossi,4001.0,54.0,1117.9799999999998,707.0,97.0,947.0,0.013496625843539115,0.27942514371407146,0.17670582354411396,0.02424393901524619,0.23675
p1_lag_k10,5,76019,threshold,4001.0,1109.0,1759.3999999999999,1892.0,0.0,452.0,0.27718070482379403,0.439740064983754,0.47288177955511124,0.0,0.113
p1_lag_k10,6,84021,rossi,4001.0,60.0,1226.71,566.0,95.0,818.0,0.014996250937265684,0.30660084978755314,0.14146463384153962,0.023744063984004,0.2045
p1_lag_k10,6,84021,threshold,4001.0,1213.0,1928.0,2036.0,0.0,485.0,0.3031742064483879,0.48187953011747064,0.5088727818045489,0.0,0.12125
p1_lag_k10,7,96024,rossi,4001.0,61.0,1142.93,703.0,115.0,947.0,0.015246188452886777,0.2856610847288178,0.1757060734816296,0.028742814296425893,0.23675
p1_lag_k10,7,96024,threshold,4001.0,1095.0,1758.4999999999998,1916.0,0.0,460.0,0.2736815796050987,0.439515121219695,0.47888027993001747,0.0,0.115
p1_lag_k10,8,116029,rossi,4001.0,64.0,1118.7199999999998,809.0,167.0,1059.0,0.015996000999750064,0.27961009747563104,0.20219945013746563,0.04173956510872282,0.26475
p1_lag_k10,8,116029,threshold,4001.0,1067.0,1747.3999999999999,1898.0,0.0,446.0,0.2666833291677081,0.4367408147963009,0.47438140464883777,0.0,0.1115
p1_lag_k10,9,120030,rossi,4001.0,59.0,1064.6799999999998,674.0,117.0,853.0,0.01474631342164459,0.26610347413146707,0.16845788552861785,0.029242689327668082,0.21325
p1_lag_k10,9,120030,threshold,4001.0,1071.0,1697.5,1890.0,0.0,444.0,0.26768307923019247,0.42426893276680827,0.472381904523869,0.0,0.111
p1_lag_k10,10,148037,rossi,4001.0,51.0,1082.41,788.0,131.0,886.0,0.01274681329667583,0.27053486628342915,0.19695076230942266,0.03274181454636341,0.2215
p1_lag_k10,10,148037,threshold,4001.0,1054.0,1663.8,1854.0,0.0,429.0,0.26343414146463384,0.4158460384903774,0.4633841539615096,0.0,0.10725
p1_lag_k10,11,152038,rossi,4001.0,74.0,1116.4499999999998,756.0,172.0,962.0,0.01849537615596101,0.27904273931517115,0.18895276180954762,0.042989252686828294,0.2405
p1_lag_k10,11,152038,threshold,4001.0,1072.0,1723.6,1873.0,0.0,442.0,0.26793301674581355,0.43079230192451884,0.4681329667583104,0.0,0.1105
p1_lag_k10,12,180045,rossi,4001.0,87.0,1029.21,701.0,111.0,797.0,0.02174456385903524,0.25723819045238694,0.1752061984503874,0.027743064233941513,0.19925
p1_lag_k10,12,180045,threshold,4001.0,1083.0,1685.1999999999998,1851.0,0.0,430.0,0.2706823294176456,0.4211947013246688,0.4626343414146463,0.0,0.1075
p1_lag_k10,13,184046,rossi,4001.0,66.0,1109.7799999999997,826.0,129.0,1113.0,0.016495876030992253,0.2773756560859784,0.20644838790302425,0.03224193951512122,0.27825
p1_lag_k10,13,184046,threshold,4001.0,1114.0,1778.7999999999997,1942.0,0.0,464.0,0.27843039240189954,0.4445888527868032,0.485378655336166,0.0,0.116
p1_lag_k10,14,192048,rossi,4001.0,77.0,1125.3200000000002,667.0,203.0,815.0,0.019245188702824295,0.28125968507873034,0.16670832291927018,0.05073731567108223,0.20375
p1_lag_k10,14,192048,threshold,4001.0,1107.0,1773.6,1946.0,0.0,462.0,0.2766808297925519,0.4432891777055736,0.48637840539865035,0.0,0.1155
p1_lag_k10,15,224056,rossi,4001.0,67.0,1117.6399999999999,746.0,164.0,1021.0,0.016745813546613347,0.2793401649587603,0.18645338665333666,0.040989752561859535,0.25525
p1_lag_k10,15,224056,threshold,4001.0,1078.0,1770.3999999999999,1949.0,0.0,468.0,0.26943264183954013,0.44248937765558605,0.48712821794551364,0.0,0.117
p1_lag_k10,16,240060,rossi,4001.0,65.0,976.24,647.0,104.0,773.0,0.016245938515371157,0.2439990002499375,0.1617095726068483,0.02599350162459385,0.19325
p1_lag_k10,16,240060,threshold,4001.0,1013.0,1616.5,1830.0,0.0,422.0,0.253186703324169,0.40402399400149963,0.4573856535866033,0.0,0.1055
p1_lag_k10,17,248062,rossi,4001.0,57.0,984.3399999999999,540.0,119.0,761.0,0.0142464383904024,0.24602349412646837,0.13496625843539115,0.029742564358910272,0.19025
p1_lag_k10,17,248062,threshold,4001.0,1096.0,1706.4,1974.0,0.0,449.0,0.27393151712071984,0.4264933766558361,0.493376655836041,0.0,0.11225
p1_lag_k10,18,256064,rossi,4001.0,45.0,1100.4899999999998,902.0,58.0,1237.0,0.011247188202949263,0.27505373656585846,0.22544363909022744,0.014496375906023495,0.30925
p1_lag_k10,18,256064,threshold,4001.0,1119.0,1755.3,2001.0,0.0,465.0,0.279680079980005,0.4387153211697076,0.5001249687578105,0.0,0.11625
p1_lag_k10,19,260065,rossi,4001.0,74.0,932.8399999999999,648.0,124.0,839.0,0.01849537615596101,0.233151712071982,0.16195951012246937,0.030992251937015745,0.20975
p1_lag_k10,19,260065,threshold,4001.0,1015.0,1600.8,1838.0,0.0,423.0,0.25368657835541114,0.40009997500624844,0.4593851537115721,0.0,0.10575
p1_lag_k10,20,276069,rossi,4001.0,45.0,1128.4,940.0,84.0,1190.0,0.011247188202949263,0.2820294926268433,0.23494126468382903,0.020994751312171957,0.2975
p1_lag_k10,20,276069,threshold,4001.0,1091.0,1752.1,1993.0,0.0,459.0,0.27268182954261433,0.43791552111972004,0.4981254686328418,0.0,0.11475
p1_lag_k10,21,348087,rossi,4001.0,32.0,929.06,506.0,68.0,674.0,0.007998000499875032,0.23220694826293425,0.12646838290427392,0.01699575106223444,0.1685
p1_lag_k10,21,348087,threshold,4001.0,1001.0,1618.6,1912.0,0.0,449.0,0.2501874531367158,0.4045488627843039,0.4778805298675331,0.0,0.11225
p1_lag_k10,22,380095,rossi,4001.0,51.0,936.2800000000002,600.0,150.0,661.0,0.01274681329667583,0.23401149712571861,0.14996250937265684,0.03749062734316421,0.16525
p1_lag_k10,22,380095,threshold,4001.0,1024.0,1609.2,1857.0,0.0,426.0,0.255936015996001,0.40219945013746566,0.4641339665083729,0.0,0.1065
p1_lag_k10,23,392098,rossi,4001.0,74.0,1047.54,769.0,155.0,958.0,0.01849537615596101,0.2618195451137216,0.19220194951262184,0.03874031492126968,0.2395
p1_lag_k10,23,392098,threshold,4001.0,1065.0,1688.2999999999997,1912.0,0.0,436.0,0.2661834541364659,0.42196950762309415,0.4778805298675331,0.0,0.109
p1_lag_k10,24,396099,rossi,4001.0,84.0,1111.5900000000001,737.0,143.0,972.0,0.020994751312171957,0.27782804298925273,0.1842039490127468,0.035741064733816545,0.243
p1_lag_k10,24,396099,threshold,4001.0,1154.0,1782.7,1975.0,0.0,466.0,0.2884278930267433,0.4455636090977256,0.4936265933516621,0.0,0.1165
p1_lag_k10,25,432108,rossi,4001.0,77.0,1000.26,422.0,130.0,492.0,0.019245188702824295,0.25000249937515623,0.10547363159210198,0.032491877030742314,0.123
p1_lag_k10,25,432108,threshold,4001.0,1074.0,1672.9,1867.0,0.0,435.0,0.26843289177705576,0.4181204698825294,0.46663334166458387,0.0,0.10875
p1_lag_k10,26,436109,rossi,4001.0,46.0,1058.72,515.0,85.0,707.0,0.011497125718570358,0.2646138465383654,0.12871782054486378,0.02124468882779305,0.17675
p1_lag_k10,26,436109,threshold,4001.0,1159.0,1792.4,2042.0,0.0,468.0,0.2896775806048488,0.44798800299925023,0.5103724068982755,0.0,0.117
p1_lag_k10,27,456114,rossi,4001.0,45.0,1144.1,697.0,84.0,974.0,0.011247188202949263,0.2859535116220945,0.17420644838790303,0.020994751312171957,0.2435
p1_lag_k10,27,456114,threshold,4001.0,1100.0,1749.2,1939.0,0.0,465.0,0.2749312671832042,0.4371907023244189,0.4846288427893027,0.0,0.11625
p1_lag_k10,28,492123,rossi,4001.0,60.0,985.16,810.0,155.0,1058.0,0.014996250937265684,0.24622844288927767,0.20244938765308673,0.03874031492126968,0.2645
p1_lag_k10,28,492123,threshold,4001.0,1023.0,1628.5,1810.0,0.0,429.0,0.2556860784803799,0.40702324418895275,0.45238690327418146,0.0,0.10725
p1_lag_k10,29,512128,rossi,4001.0,58.0,799.2600000000002,597.0,140.0,813.0,0.014496375906023495,0.19976505873531622,0.14921269682579355,0.03499125218695326,0.20325
p1_lag_k10,29,512128,threshold,4001.0,863.0,1464.3000000000002,1689.0,0.0,387.0,0.21569607598100474,0.3659835041239691,0.422144463884029,0.0,0.09675
