key,seed_index,deep_rm_mean_slowdown,comparator_mean_slowdown,delta
deeprm:p1_lag:Tetris*:0,0,41.44017532467533,67.58478554778554,26.144610223110213
deeprm:p1_lag:Tetris*:0,1,44.208151348651356,65.87566017316017,21.667508824508815
deeprm:p1_lag:Tetris*:0,2,45.7534975024975,68.60868548118547,22.855187978687972
deeprm:p1_lag:Tetris*:0,3,46.17099558774558,60.091639360639356,13.920643772893776
deeprm:p1_lag:Tetris*:0,4,27.036267732267735,50.30752006327007,23.271252331002334
deeprm:p1_lag:Tetris*:0,5,34.739529220779225,68.39299558774559,33.65346636696636
deeprm:p1_lag:Tetris*:0,6,22.209374708624708,41.80478238428238,19.595407675657675
deeprm:p1_lag:Tetris*:0,7,39.71906252081252,63.603686230436224,23.884623709623703
deeprm:p1_lag:Tetris*:0,8,21.90331435231435,51.02312021312022,29.119805860805872
deeprm:p1_lag:Tetris*:0,9,46.295480352980356,69.56870895770895,23.273228604728594
deeprm:p1_lag:Tetris*:0,10,25.993184565434568,54.173575674325676,28.180391108891108
deeprm:p1_lag:Tetris*:0,11,16.120508241758245,30.063120546120544,13.9426123043623
deeprm:p1_lag:Tetris*:0,12,35.985627455877456,62.57283183483184,26.587204378954382
deeprm:p1_lag:Tetris*:0,13,43.79200058275058,71.1335347985348,27.341534215784215
deeprm:p1_lag:Tetris*:0,14,27.838513653013653,53.86914735264736,26.030633699633707
deeprm:p1_lag:Tetris*:0,15,31.55555611055611,59.147081085581085,27.591524975024974
deeprm:p1_lag:Tetris*:0,16,35.897800116550115,62.71488636363637,26.81708624708625
deeprm:p1_lag:Tetris*:0,17,17.899735764235764,42.495925407925405,24.59618964368964
deeprm:p1_lag:Tetris*:0,18,60.47180386280386,85.88719713619713,25.41539327339327
deeprm:p1_lag:Tetris*:0,19,36.78892132867133,54.433687312687304,17.644765984015976
deeprm:p1_lag:Tetris*:0,20,50.95389785214785,72.6759850982351,21.722087246087256
deeprm:p1_lag:Tetris*:0,21,28.195808691308685,51.71534299034299,23.519534299034305
deeprm:p1_lag:Tetris*:0,22,51.04709132534133,80.75323792873793,29.706146603396604
deeprm:p1_lag:Tetris*:0,23,47.170932234432236,59.731751831501825,12.560819597069589
deeprm:p1_lag:Tetris*:0,24,40.417093240093244,61.345469447219436,20.928376207126192
deeprm:p1_lag:Tetris*:0,25,19.529264901764904,47.03315767565768,27.503892773892773
deeprm:p1_lag:Tetris*:0,26,12.507855477855479,31.510836746586747,19.00298126873127
deeprm:p1_lag:Tetris*:0,27,35.66791533466534,74.31861671661673,38.65070138195139
deeprm:p1_lag:Tetris*:0,28,35.78571237096237,74.75043514818516,38.96472277722279
deeprm:p1_lag:Tetris*:0,29,32.67794072594072,56.961522560772565,24.283581834831843
deeprm:p1_lag:SJF:0,0,41.44017532467533,39.152175657675656,-2.2879996669996743
deeprm:p1_lag:SJF:0,1,44.208151348651356,40.1342002997003,-4.073951048951059
deeprm:p1_lag:SJF:0,2,45.7534975024975,45.96572610722611,0.21222860472860816
deeprm:p1_lag:SJF:0,3,46.17099558774558,43.04584224109224,-3.1251533466533417
deeprm:p1_lag:SJF:0,4,27.036267732267735,34.54387629037629,7.507608558108554
deeprm:p1_lag:SJF:0,5,34.739529220779225,44.45495279720279,9.715423576423568
deeprm:p1_lag:SJF:0,6,22.209374708624708,25.93461455211455,3.7252398434898417
deeprm:p1_lag:SJF:0,7,39.71906252081252,54.489246503496496,14.770183982683974
deeprm:p1_lag:SJF:0,8,21.90331435231435,28.18643506493507,6.283120712620718
deeprm:p1_lag:SJF:0,9,46.295480352980356,41.72643972693973,-4.569040626040625
deeprm:p1_lag:SJF:0,10,25.993184565434568,38.75474417249417,12.761559607059603
deeprm:p1_lag:SJF:0,11,16.120508241758245,24.865288211788215,8.74477997002997
deeprm:p1_lag:SJF:0,12,35.985627455877456,35.07460814185814,-0.9110193140193132
deeprm:p1_lag:SJF:0,13,43.79200058275058,48.7708682983683,4.978867715617717
deeprm:p1_lag:SJF:0,14,27.838513653013653,37.565319347319345,9.726805694305693
deeprm:p1_lag:SJF:0,15,31.55555611055611,37.42776831501831,5.872212204462201
deeprm:p1_lag:SJF:0,16,35.897800116550115,44.44072485847486,8.542924741924743
deeprm:p1_lag:SJF:0,17,17.899735764235764,29.03000058275058,11.130264818514817
deeprm:p1_lag:SJF:0,18,60.47180386280386,58.88275174825175,-1.5890521145521106
deeprm:p1_lag:SJF:0,19,36.78892132867133,45.02926173826174,8.24034040959041
deeprm:p1_lag:SJF:0,20,50.95389785214785,57.14422710622712,6.190329254079273
deeprm:p1_lag:SJF:0,21,28.195808691308685,42.4244592074592,14.228650516150516
deeprm:p1_lag:SJF:0,22,51.04709132534133,55.10587862137862,4.058787296037295
deeprm:p1_lag:SJF:0,23,47.170932234432236,51.68036771561772,4.509435481185484
deeprm:p1_lag:SJF:0,24,40.417093240093244,42.07993098568099,1.662837745587744
deeprm:p1_lag:SJF:0,25,19.529264901764904,27.69515567765568,8.165890775890777
deeprm:p1_lag:SJF:0,26,12.507855477855479,15.065066849816851,2.5572113719613725
deeprm:p1_lag:SJF:0,27,35.66791533466534,38.74000591075591,3.0720905760905737
deeprm:p1_lag:SJF:0,28,35.78571237096237,42.64778338328338,6.86207101232101
deeprm:p1_lag:SJF:0,29,32.67794072594072,45.94029420579421,13.262353479853488
deeprm:p1_lag:Tetris*:1,0,39.80732559107559,82.89930003330004,43.09197444222445
deeprm:p1_lag:Tetris*:1,1,43.91923093573094,93.24969089244088,49.330459956709944
deeprm:p1_lag:Tetris*:1,2,45.390773892773886,98.4560894938395,53.06531560106561
deeprm:p1_lag:Tetris*:1,3,49.08819463869464,85.32268764568765,36.23449300699301
deeprm:p1_lag:Tetris*:1,4,32.85216608391609,78.59343206793206,45.74126598401597
deeprm:p1_lag:Tetris*:1,5,32.67911563436564,91.98215392940392,59.303038295038284
deeprm:p1_lag:Tetris*:1,6,20.982710206460204,66.43685497835497,45.45414477189477
deeprm:p1_lag:Tetris*:1,7,41.4015074925075,85.29151423576424,43.89000674325674
deeprm:p1_lag:Tetris*:1,8,24.715113136863135,74.38471095571094,49.669597818847805
deeprm:p1_lag:Tetris*:1,9,41.95132892107892,84.1534328171828,42.202103896103885
deeprm:p1_lag:Tetris*:1,10,24.343355977355976,74.39934415584416,50.055988178488185
deeprm:p1_lag:Tetris*:1,11,18.06436396936397,50.000080586080585,31.935716616716615
deeprm:p1_lag:Tetris*:1,12,38.434816600066604,82.33666450216451,43.901847902097906
deeprm:p1_lag:Tetris*:1,13,49.970393439893435,100.77559623709624,50.8052027972028
deeprm:p1_lag:Tetris*:1,14,32.629979020979015,79.79206709956709,47.16208807858808
deeprm:p1_lag:Tetris*:1,15,34.66487853812854,84.15073285048285,49.48585431235431
deeprm:p1_lag:Tetris*:1,16,35.96574983349983,87.4430318015318,51.477281968031974
deeprm:p1_lag:Tetris*:1,17,21.067347152847155,65.88784923409924,44.82050208125208
deeprm:p1_lag:Tetris*:1,18,57.900060023310026,107.60680902430904,49.70674900099902
deeprm:p1_lag:Tetris*:1,19,34.82884573759574,81.96316916416917,47.13432342657343
deeprm:p1_lag:Tetris*:1,20,49.12822236097236,100.89010422910422,51.761881868131866
deeprm:p1_lag:Tetris*:1,21,29.395463702963706,76.71439593739595,47.31893223443224
deeprm:p1_lag:Tetris*:1,22,52.32121528471528,107.31545704295704,54.994241758241756
deeprm:p1_lag:Tetris*:1,23,45.92610989010989,86.27099000999002,40.34488011988012
deeprm:p1_lag:Tetris*:1,24,43.24882634032634,83.08976132201133,39.84093498168499
deeprm:p1_lag:Tetris*:1,25,24.28860914085914,66.59704045954047,42.30843131868133
deeprm:p1_lag:Tetris*:1,26,14.619024059274059,54.3124383949384,39.693414335664336
deeprm:p1_lag:Tetris*:1,27,39.92306959706959,97.30236022311023,57.379290626040635
deeprm:p1_lag:Tetris*:1,28,37.52746012321012,99.91438952713953,62.386929403929415
deeprm:p1_lag:Tetris*:1,29,38.45377788877789,86.2070969030969,47.753319014319004
deeprm:p1_lag:SJF:1,0,39.80732559107559,66.6575477022977,26.850222111222116
deeprm:p1_lag:SJF:1,1,43.91923093573094,69.63036879786881,25.711137862137875
deeprm:p1_lag:SJF:1,2,45.390773892773886,76.30063086913087,30.909856976356984
deeprm:p1_lag:SJF:1,3,49.08819463869464,69.74493747918747,20.656742840492832
deeprm:p1_lag:SJF:1,4,32.85216608391609,62.61740018315018,29.765234099234092
deeprm:p1_lag:SJF:1,5,32.67911563436564,61.776707292707286,29.09759165834165
deeprm:p1_lag:SJF:1,6,20.982710206460204,49.643433816183816,28.66072360972361
deeprm:p1_lag:SJF:1,7,41.4015074925075,73.32659507159508,31.92508757908758
deeprm:p1_lag:SJF:1,8,24.715113136863135,50.091775308025305,25.37666217116217
deeprm:p1_lag:SJF:1,9,41.95132892107892,73.75842141192142,31.8070924908425
deeprm:p1_lag:SJF:1,10,24.343355977355976,65.42733591408592,41.08397993672994
deeprm:p1_lag:SJF:1,11,18.06436396936397,50.8624821012321,32.79811813186812
deeprm:p1_lag:SJF:1,12,38.434816600066604,58.034904428904426,19.60008782883782
deeprm:p1_lag:SJF:1,13,49.970393439893435,81.29984282384282,31.329449383949388
deeprm:p1_lag:SJF:1,14,32.629979020979015,60.53173584748584,27.901756826506826
deeprm:p1_lag:SJF:1,15,34.66487853812854,65.43238877788878,30.767510239760234
deeprm:p1_lag:SJF:1,16,35.96574983349983,71.39940809190809,35.43365825840826
deeprm:p1_lag:SJF:1,17,21.067347152847155,55.630503663003665,34.56315651015651
deeprm:p1_lag:SJF:1,18,57.900060023310026,91.3384418081918,33.43838178488178
deeprm:p1_lag:SJF:1,19,34.82884573759574,75.12475133200134,40.295905594405596
deeprm:p1_lag:SJF:1,20,49.12822236097236,85.23558183483183,36.107359473859475
deeprm:p1_lag:SJF:1,21,29.395463702963706,65.2423697968698,35.846906093906085
deeprm:p1_lag:SJF:1,22,52.32121528471528,84.67264760239759,32.35143231768231
deeprm:p1_lag:SJF:1,23,45.92610989010989,73.01726098901099,27.0911510989011
deeprm:p1_lag:SJF:1,24,43.24882634032634,64.30665934065934,21.057833000332998
deeprm:p1_lag:SJF:1,25,24.28860914085914,52.97076898101897,28.68215984015983
deeprm:p1_lag:SJF:1,26,14.619024059274059,45.26959024309024,30.65056618381618
deeprm:p1_lag:SJF:1,27,39.92306959706959,68.72742990342991,28.804360306360316
deeprm:p1_lag:SJF:1,28,37.52746012321012,75.30975707625707,37.78229695304695
deeprm:p1_lag:SJF:1,29,38.45377788877789,79.64265442890442,41.18887654012653
deeprm:p1_lag:Tetris*:2,0,46.888129870129866,101.95164294039294,55.06351307026308
deeprm:p1_lag:Tetris*:2,1,44.82996053946054,104.24690742590741,59.41694688644687
deeprm:p1_lag:Tetris*:2,2,45.013489177489184,113.9420416250416,68.92855244755242
deeprm:p1_lag:Tetris*:2,3,44.78660631035631,101.95901923076923,57.17241292041292
deeprm:p1_lag:Tetris*:2,4,32.365260656010655,98.56537112887112,66.20011047286047
deeprm:p1_lag:Tetris*:2,5,39.60367224442224,111.19110639360639,71.58743414918415
deeprm:p1_lag:Tetris*:2,6,24.310046536796534,88.72740367965368,64.41735714285714
deeprm:p1_lag:Tetris*:2,7,50.98404995004996,108.7480670995671,57.76401714951714
deeprm:p1_lag:Tetris*:2,8,25.42320271395271,101.18170537795537,75.75850266400266
deeprm:p1_lag:Tetris*:2,9,44.62013911088911,112.41484773559772,67.7947086247086
deeprm:p1_lag:Tetris*:2,10,25.65775682650683,94.10302239427239,68.44526556776556
deeprm:p1_lag:Tetris*:2,11,19.08883191808192,79.22677913752914,60.13794721944721
deeprm:p1_lag:Tetris*:2,12,39.99088636363636,105.48894472194472,65.49805835830836
deeprm:p1_lag:Tetris*:2,13,48.07256393606394,114.46372602397601,66.39116208791206
deeprm:p1_lag:Tetris*:2,14,34.990100899100895,113.16874891774891,78.17864801864802
deeprm:p1_lag:Tetris*:2,15,32.59892923742923,108.41720304695303,75.8182738095238
deeprm:p1_lag:Tetris*:2,16,40.31305752580752,107.14648717948718,66.83342965367966
deeprm:p1_lag:Tetris*:2,17,22.355377372627373,89.44910198135197,67.0937246087246
deeprm:p1_lag:Tetris*:2,18,60.575766233766224,131.53455910755912,70.9587928737929
deeprm:p1_lag:Tetris*:2,19,37.448708791208794,99.8383925241425,62.38968373293371
deeprm:p1_lag:Tetris*:2,20,47.26864352314352,116.26334024309024,68.99469671994672
deeprm:p1_lag:Tetris*:2,21,31.83119438894439,96.89436688311689,65.0631724941725
deeprm:p1_lag:Tetris*:2,22,56.60348593073592,131.18442998668,74.58094405594406
deeprm:p1_lag:Tetris*:2,23,49.30061704961706,108.41225066600067,59.111633616383614
deeprm:p1_lag:Tetris*:2,24,39.367020562770556,109.92520196470196,70.55818140193139
deeprm:p1_lag:Tetris*:2,25,24.376168914418912,87.25470804195804,62.87853912753913
deeprm:p1_lag:Tetris*:2,26,19.24920512820513,77.47623817848819,58.227033050283055
deeprm:p1_lag:Tetris*:2,27,42.540502081252086,129.28887321012323,86.74837112887114
deeprm:p1_lag:Tetris*:2,28,41.67313911088912,128.7493195970696,87.07618048618048
deeprm:p1_lag:Tetris*:2,29,39.14229295704296,111.6352062104562,72.49291325341323
deeprm:p1_lag:SJF:2,0,46.888129870129866,96.23020279720281,49.34207292707294
deeprm:p1_lag:SJF:2,1,44.82996053946054,94.45411338661339,49.62415284715285
deeprm:p1_lag:SJF:2,2,45.013489177489184,101.51595862470862,56.50246944721943
deeprm:p1_lag:SJF:2,3,44.78660631035631,91.67536013986013,46.88875382950382
deeprm:p1_lag:SJF:2,4,32.365260656010655,86.26507967032967,53.899819014319014
deeprm:p1_lag:SJF:2,5,39.60367224442224,96.38309490509491,56.779422660672665
deeprm:p1_lag:SJF:2,6,24.310046536796534,74.28555186480186,49.975505328005326
deeprm:p1_lag:SJF:2,7,50.98404995004996,95.04834557109558,44.06429562104562
deeprm:p1_lag:SJF:2,8,25.42320271395271,76.7669075091575,51.3437047952048
deeprm:p1_lag:SJF:2,9,44.62013911088911,100.05117016317017,55.43103105228106
deeprm:p1_lag:SJF:2,10,25.65775682650683,93.29106543456543,67.6333086080586
deeprm:p1_lag:SJF:2,11,19.08883191808192,69.2989234099234,50.21009149184148
deeprm:p1_lag:SJF:2,12,39.99088636363636,81.9473424075924,41.95645604395604
deeprm:p1_lag:SJF:2,13,48.07256393606394,97.75485755910755,49.682293623043606
deeprm:p1_lag:SJF:2,14,34.990100899100895,89.15790709290708,54.167806193806186
deeprm:p1_lag:SJF:2,15,32.59892923742923,89.45046636696638,56.85153712953715
deeprm:p1_lag:SJF:2,16,40.31305752580752,94.79311288711287,54.48005536130535
deeprm:p1_lag:SJF:2,17,22.355377372627373,78.03788444888445,55.68250707625708
deeprm:p1_lag:SJF:2,18,60.575766233766224,110.44690442890443,49.87113819513821
deeprm:p1_lag:SJF:2,19,37.448708791208794,95.73043048618048,58.28172169497169
deeprm:p1_lag:SJF:2,20,47.26864352314352,107.81352497502498,60.54488145188146
deeprm:p1_lag:SJF:2,21,31.83119438894439,89.66627572427574,57.835081335331346
deeprm:p1_lag:SJF:2,22,56.60348593073592,111.73425274725275,55.13076681651683
deeprm:p1_lag:SJF:2,23,49.30061704961706,96.04153188478189,46.74091483516483
deeprm:p1_lag:SJF:2,24,39.367020562770556,88.81572943722944,49.44870887445888
deeprm:p1_lag:SJF:2,25,24.376168914418912,76.10900008325008,51.73283116883117
deeprm:p1_lag:SJF:2,26,19.24920512820513,78.57963145188144,59.330426323676306
deeprm:p1_lag:SJF:2,27,42.540502081252086,99.45288478188479,56.912382700632705
deeprm:p1_lag:SJF:2,28,41.67313911088912,110.72911854811855,69.05597943722944
deeprm:p1_lag:SJF:2,29,39.14229295704296,98.50127539127537,59.35898243423241
deeprm:p1_lag:Tetris*:5,0,55.780159923409926,163.9158658008658,108.13570587745586
deeprm:p1_lag:Tetris*:5,1,59.584718115218124,170.7218777888778,111.13715967365968
deeprm:p1_lag:Tetris*:5,2,65.04167632367633,170.62706635031637,105.58539002664004
deeprm:p1_lag:Tetris*:5,3,60.749706127206125,149.97787970362972,89.2281735764236
deeprm:p1_lag:Tetris*:5,4,46.99203263403264,157.6309597069597,110.63892707292705
deeprm:p1_lag:Tetris*:5,5,56.59204612054613,178.43964768564766,121.84760156510153
deeprm:p1_lag:Tetris*:5,6,30.77247818847819,149.82764652014652,119.05516833166833
deeprm:p1_lag:Tetris*:5,7,57.44937412587412,172.73170529470528,115.28233116883115
deeprm:p1_lag:Tetris*:5,8,33.030484348984345,168.47482800532802,135.44434365634368
deeprm:p1_lag:Tetris*:5,9,57.079778971028965,176.1713852813853,119.09160631035635
deeprm:p1_lag:Tetris*:5,10,53.31480111555112,132.6968771228771,79.38207600732599
deeprm:p1_lag:Tetris*:5,11,24.500897352647353,113.95603288378287,89.45513553113551
deeprm:p1_lag:Tetris*:5,12,60.39659923409923,161.02381709956708,100.62721786546786
deeprm:p1_lag:Tetris*:5,13,65.09224175824176,187.07340318015318,121.98116142191142
deeprm:p1_lag:Tetris*:5,14,45.9469184981685,188.35107542457544,142.40415692640693
deeprm:p1_lag:Tetris*:5,15,46.434735597735596,190.79741575091575,144.36268015318015
deeprm:p1_lag:Tetris*:5,16,53.70957384282385,147.04149092574096,93.3319170829171
deeprm:p1_lag:Tetris*:5,17,29.85997244422244,140.86162570762568,111.00165326340324
deeprm:p1_lag:Tetris*:5,18,76.48985922410922,171.42376556776554,94.93390634365632
deeprm:p1_lag:Tetris*:5,19,53.674141192141185,145.4079308191808,91.73378962703961
deeprm:p1_lag:Tetris*:5,20,59.17604720279721,178.18766916416917,119.01162196137196
deeprm:p1_lag:Tetris*:5,21,43.05212254412255,161.65700632700631,118.60488378288377
deeprm:p1_lag:Tetris*:5,22,70.01759415584415,190.95220337995335,120.9346092241092
deeprm:p1_lag:Tetris*:5,23,52.72255519480521,159.56929304029302,106.84673784548781
deeprm:p1_lag:Tetris*:5,24,54.87303346653347,168.50997144522145,113.63693797868798
deeprm:p1_lag:Tetris*:5,25,32.39123701298701,146.47493481518484,114.08369780219783
deeprm:p1_lag:Tetris*:5,26,24.07750074925075,127.6701883116883,103.59268756243756
deeprm:p1_lag:Tetris*:5,27,51.63832592407593,193.91715825840828,142.27883233433235
deeprm:p1_lag:Tetris*:5,28,58.51489552114552,179.17707342657343,120.66217790542791
deeprm:p1_lag:Tetris*:5,29,48.16964202464202,147.82405835830835,99.65441633366632
deeprm:p1_lag:SJF:5,0,55.780159923409926,163.5500278887779,107.76986796536796
deeprm:p1_lag:SJF:5,1,59.584718115218124,166.36781651681653,106.78309840159841
deeprm:p1_lag:SJF:5,2,65.04167632367633,176.11461463536463,111.0729383116883
deeprm:p1_lag:SJF:5,3,60.749706127206125,167.4022888777889,106.65258275058277
deeprm:p1_lag:SJF:5,4,46.99203263403264,170.8773578921079,123.88532525807527
deeprm:p1_lag:SJF:5,5,56.59204612054613,171.28133358308358,114.68928746253745
deeprm:p1_lag:SJF:5,6,30.77247818847819,149.23712187812188,118.4646436896437
deeprm:p1_lag:SJF:5,7,57.44937412587412,173.54745204795202,116.09807792207789
deeprm:p1_lag:SJF:5,8,33.030484348984345,143.1561177988678,110.12563344988345
deeprm:p1_lag:SJF:5,9,57.079778971028965,168.87298418248417,111.79320521145522
deeprm:p1_lag:SJF:5,10,53.31480111555112,170.53970071595072,117.2248996003996
deeprm:p1_lag:SJF:5,11,24.500897352647353,139.27416292041292,114.77326556776556
deeprm:p1_lag:SJF:5,12,60.39659923409923,149.3133548118548,88.91675557775557
deeprm:p1_lag:SJF:5,13,65.09224175824176,201.72934324009321,136.63710148185146
deeprm:p1_lag:SJF:5,14,45.9469184981685,168.8296446053946,122.8827261072261
deeprm:p1_lag:SJF:5,15,46.434735597735596,170.4499135864136,124.015177988678
deeprm:p1_lag:SJF:5,16,53.70957384282385,166.5358045288045,112.82623068598065
deeprm:p1_lag:SJF:5,17,29.85997244422244,163.58383574758574,133.7238633033633
deeprm:p1_lag:SJF:5,18,76.48985922410922,199.32117873792876,122.83131951381954
deeprm:p1_lag:SJF:5,19,53.674141192141185,170.41507692307692,116.74093573093575
deeprm:p1_lag:SJF:5,20,59.17604720279721,182.52102730602732,123.34498010323011
deeprm:p1_lag:SJF:5,21,43.05212254412255,156.43789968364968,113.38577713952714
deeprm:p1_lag:SJF:5,22,70.01759415584415,206.75070737595735,136.73311322011318
deeprm:p1_lag:SJF:5,23,52.72255519480521,164.68599084249084,111.96343564768563
deeprm:p1_lag:SJF:5,24,54.87303346653347,165.97123926073925,111.09820579420578
deeprm:p1_lag:SJF:5,25,32.39123701298701,156.63957900432902,124.24834199134202
deeprm:p1_lag:SJF:5,26,24.07750074925075,149.88301640026643,125.80551565101568
deeprm:p1_lag:SJF:5,27,51.63832592407593,195.83050599400602,144.1921800699301
deeprm:p1_lag:SJF:5,28,58.51489552114552,204.06748384948384,145.55258832833832
deeprm:p1_lag:SJF:5,29,48.16964202464202,167.55122002997004,119.38157800532801
deeprm:p1_lag:Tetris*:10,0,70.78734357309358,257.04261413586414,186.25527056277056
deeprm:p1_lag:Tetris*:10,1,86.33482634032634,261.1373497335997,174.80252339327336
deeprm:p1_lag:Tetris*:10,2,76.47637978687979,253.71836455211454,177.24198476523475
deeprm:p1_lag:Tetris*:10,3,88.77139085914087,222.5027485847486,133.73135772560772
deeprm:p1_lag:Tetris*:10,4,55.201189976689975,256.4927118714619,201.2915218947719
deeprm:p1_lag:Tetris*:10,5,85.82103263403263,308.12899633699635,222.30796370296372
deeprm:p1_lag:Tetris*:10,6,62.630711038961046,256.237987012987,193.60727597402595
deeprm:p1_lag:Tetris*:10,7,71.50035464535463,269.12845854145854,197.6281038961039
deeprm:p1_lag:Tetris*:10,8,56.34833208458209,247.51369072594073,191.16535864135864
deeprm:p1_lag:Tetris*:10,9,96.09868648018647,283.46361513486517,187.3649286546787
deeprm:p1_lag:Tetris*:10,10,63.15842299367299,233.98585214785214,170.82742915417916
deeprm:p1_lag:Tetris*:10,11,37.15245837495837,228.9969248251748,191.84446645021643
deeprm:p1_lag:Tetris*:10,12,68.77563886113886,239.70572918747916,170.9300903263403
deeprm:p1_lag:Tetris*:10,13,88.71252106227107,319.67033308358316,230.9578120213121
deeprm:p1_lag:Tetris*:10,14,58.829564435564436,318.2220661005661,259.39250166500165
deeprm:p1_lag:Tetris*:10,15,77.48628021978021,305.02415542790544,227.53787520812523
deeprm:p1_lag:Tetris*:10,16,81.27277522477522,263.20661163836166,181.93383641358645
deeprm:p1_lag:Tetris*:10,17,76.14306743256743,235.80744530469528,159.66437787212783
deeprm:p1_lag:Tetris*:10,18,94.023006993007,300.2766022311023,206.25359523809527
deeprm:p1_lag:Tetris*:10,19,89.25040634365634,248.81166025641025,159.5612539127539
deeprm:p1_lag:Tetris*:10,20,97.79251923076923,294.8216132201132,197.02909398934395
deeprm:p1_lag:Tetris*:10,21,52.271373626373624,263.37032001332,211.09894638694638
deeprm:p1_lag:Tetris*:10,22,105.04653546453545,304.50176973026976,199.4552342657343
deeprm:p1_lag:Tetris*:10,23,74.87511388611388,261.02371103896104,186.14859715284717
deeprm:p1_lag:Tetris*:10,24,69.98777614052614,305.33975715950714,235.351981018981
deeprm:p1_lag:Tetris*:10,25,59.90538361638362,258.9545649350649,199.0491813186813
deeprm:p1_lag:Tetris*:10,26,40.84814801864802,253.3200377122877,212.4718896936397
deeprm:p1_lag:Tetris*:10,27,76.53886871461872,325.34272552447555,248.80385680985682
deeprm:p1_lag:Tetris*:10,28,75.01482600732601,294.8602992007992,219.8454731934732
deeprm:p1_lag:Tetris*:10,29,80.38358966033965,218.30359723609723,137.92000757575758
deeprm:p1_lag:SJF:10,0,70.78734357309358,265.69842182817183,194.91107825507825
deeprm:p1_lag:SJF:10,1,86.33482634032634,308.9063379120879,222.57151157176156
deeprm:p1_lag:SJF:10,2,76.47637978687979,301.2075018315018,224.73112204462203
deeprm:p1_lag:SJF:10,3,88.77139085914087,306.27767915417917,217.5062882950383
deeprm:p1_lag:SJF:10,4,55.201189976689975,300.1613812853813,244.96019130869132
deeprm:p1_lag:SJF:10,5,85.82103263403263,304.0540749250749,218.23304229104224
deeprm:p1_lag:SJF:10,6,62.630711038961046,283.431595987346,220.80088494838495
deeprm:p1_lag:SJF:10,7,71.50035464535463,296.9521491841492,225.4517945387946
deeprm:p1_lag:SJF:10,8,56.34833208458209,292.19073942723946,235.84240734265737
deeprm:p1_lag:SJF:10,9,96.09868648018647,309.1715587745588,213.0728722943723
deeprm:p1_lag:SJF:10,10,63.15842299367299,305.0654345654346,241.90701157176161
deeprm:p1_lag:SJF:10,11,37.15245837495837,282.30357276057276,245.1511143856144
deeprm:p1_lag:SJF:10,12,68.77563886113886,287.69086455211453,218.91522569097566
deeprm:p1_lag:SJF:10,13,88.71252106227107,337.4479056776556,248.73538461538456
deeprm:p1_lag:SJF:10,14,58.829564435564436,310.0637471694972,251.23418273393278
deeprm:p1_lag:SJF:10,15,77.48628021978021,321.4563967698968,243.9701165501166
deeprm:p1_lag:SJF:10,16,81.27277522477522,315.56258133533134,234.28980611055613
deeprm:p1_lag:SJF:10,17,76.14306743256743,274.7743031968032,198.63123576423578
deeprm:p1_lag:SJF:10,18,94.023006993007,341.0569367299367,247.03392973692968
deeprm:p1_lag:SJF:10,19,89.25040634365634,317.47986996336994,228.2294636197136
deeprm:p1_lag:SJF:10,20,97.79251923076923,325.31507151182154,227.5225522810523
deeprm:p1_lag:SJF:10,21,52.271373626373624,279.4967288544789,227.22535522810526
deeprm:p1_lag:SJF:10,22,105.04653546453545,360.56591000666,255.51937454212452
deeprm:p1_lag:SJF:10,23,74.87511388611388,315.4682911255411,240.59317723942723
deeprm:p1_lag:SJF:10,24,69.98777614052614,289.66744172494174,219.6796655844156
deeprm:p1_lag:SJF:10,25,59.90538361638362,278.58497952047946,218.67959590409583
deeprm:p1_lag:SJF:10,26,40.84814801864802,279.287768981019,238.43962096237095
deeprm:p1_lag:SJF:10,27,76.53886871461872,320.85321711621714,244.3143484015984
deeprm:p1_lag:SJF:10,28,75.01482600732601,351.6129807692308,276.59815476190477
deeprm:p1_lag:SJF:10,29,80.38358966033965,342.12329653679654,261.7397068764569
deeprm:p1_lag:Tetris*:20,0,131.34808266733268,447.6098124375624,316.26172977022975
deeprm:p1_lag:Tetris*:20,1,128.4700034132534,427.97205860805866,299.5020551948053
deeprm:p1_lag:Tetris*:20,2,144.97661813186812,401.00518931068933,256.0285711788212
deeprm:p1_lag:Tetris*:20,3,126.43795687645688,372.13975174825174,245.70179487179485
deeprm:p1_lag:Tetris*:20,4,145.58522435897436,510.84571903096906,365.2604946719947
deeprm:p1_lag:Tetris*:20,5,140.04384565434566,488.0999057609058,348.05606010656015
deeprm:p1_lag:Tetris*:20,6,134.00777289377288,484.15756651681653,350.14979362304365
deeprm:p1_lag:Tetris*:20,7,156.41786588411588,442.68500599400596,286.2671401098901
deeprm:p1_lag:Tetris*:20,8,96.70490900765901,387.18512404262407,290.48021503496506
deeprm:p1_lag:Tetris*:20,9,139.3122251082251,566.5699314851815,427.25770637695643
deeprm:p1_lag:Tetris*:20,10,120.61789693639693,423.73951431901435,303.1216173826174
deeprm:p1_lag:Tetris*:20,11,89.3674761904762,496.3579463036963,406.9904701132201
deeprm:p1_lag:Tetris*:20,12,165.02395337995338,454.2038640526141,289.17991067266075
deeprm:p1_lag:Tetris*:20,13,200.33150066600064,532.2485788378289,331.9170781718282
deeprm:p1_lag:Tetris*:20,14,115.7460794205794,563.4014734432235,447.6553940226441
deeprm:p1_lag:Tetris*:20,15,126.88071836496835,583.6012639860139,456.7205456210456
deeprm:p1_lag:Tetris*:20,16,153.59938644688643,474.8922646520147,321.2928782051283
deeprm:p1_lag:Tetris*:20,17,98.63667274392276,497.8935024975025,399.2568297535797
deeprm:p1_lag:Tetris*:20,18,178.27198959373956,506.23100840825833,327.9590188145188
deeprm:p1_lag:Tetris*:20,19,140.77158791208794,509.4854028471529,368.713814935065
deeprm:p1_lag:Tetris*:20,20,160.18261971361972,516.9111525974026,356.7285328837829
deeprm:p1_lag:Tetris*:20,21,122.66399342324344,497.6523012820513,374.9883078588079
deeprm:p1_lag:Tetris*:20,22,161.08220712620715,520.6964859307359,359.61427880452874
deeprm:p1_lag:Tetris*:20,23,148.13152797202798,420.3303988511488,272.1988708791208
deeprm:p1_lag:Tetris*:20,24,110.04225499500498,488.1398812021312,378.09762620712627
deeprm:p1_lag:Tetris*:20,25,111.55013386613388,447.055548951049,335.5054150849151
deeprm:p1_lag:Tetris*:20,26,135.40180486180486,482.22236963036966,346.8205647685648
deeprm:p1_lag:Tetris*:20,27,124.87184482184483,506.8574526307027,381.9856078088579
deeprm:p1_lag:Tetris*:20,28,150.19178804528804,481.1903051948051,330.99851714951706
deeprm:p1_lag:Tetris*:20,29,141.58659965034965,452.83628754578757,311.2496878954379
deeprm:p1_lag:SJF:20,0,131.34808266733268,500.9732012154512,369.6251185481185
deeprm:p1_lag:SJF:20,1,128.4700034132534,577.1189504662004,448.64894705294705
deeprm:p1_lag:SJF:20,2,144.97661813186812,547.8526886446887,402.87607051282055
deeprm:p1_lag:SJF:20,3,126.43795687645688,520.1993577256077,393.7614008491508
deeprm:p1_lag:SJF:20,4,145.58522435897436,589.163505994006,443.5782816350316
deeprm:p1_lag:SJF:20,5,140.04384565434566,551.9151908924409,411.8713452380953
deeprm:p1_lag:SJF:20,6,134.00777289377288,547.4997206959707,413.49194780219784
deeprm:p1_lag:SJF:20,7,156.41786588411588,511.7999251581752,355.3820592740593
deeprm:p1_lag:SJF:20,8,96.70490900765901,533.097462037962,436.392553030303
deeprm:p1_lag:SJF:20,9,139.3122251082251,580.9180243922743,441.6057992840492
deeprm:p1_lag:SJF:20,10,120.61789693639693,562.3012664835165,441.6833695471196
deeprm:p1_lag:SJF:20,11,89.3674761904762,538.7297355977356,449.36225940725944
deeprm:p1_lag:SJF:20,12,165.02395337995338,565.5489053446554,400.52495196470204
deeprm:p1_lag:SJF:20,13,200.33150066600064,645.3424585414585,445.0109578754579
deeprm:p1_lag:SJF:20,14,115.7460794205794,608.9231946386947,493.17711521811526
deeprm:p1_lag:SJF:20,15,126.88071836496835,608.817665084915,481.93694671994666
deeprm:p1_lag:SJF:20,16,153.59938644688643,525.1376923076923,371.53830586080585
deeprm:p1_lag:SJF:20,17,98.63667274392276,548.03521003996,449.39853729603726
deeprm:p1_lag:SJF:20,18,178.27198959373956,614.319096986347,436.04710739260736
deeprm:p1_lag:SJF:20,19,140.77158791208794,596.130894938395,455.3593070263071
deeprm:p1_lag:SJF:20,20,160.18261971361972,643.9385198967699,483.7559001831502
deeprm:p1_lag:SJF:20,21,122.66399342324344,527.3740134032633,404.7100199800199
deeprm:p1_lag:SJF:20,22,161.08220712620715,649.4959272394271,488.41372011322
deeprm:p1_lag:SJF:20,23,148.13152797202798,549.7214724442224,401.5899444721944
deeprm:p1_lag:SJF:20,24,110.04225499500498,536.3940122377622,426.35175724275723
deeprm:p1_lag:SJF:20,25,111.55013386613388,586.0372002164502,474.4870663503163
deeprm:p1_lag:SJF:20,26,135.40180486180486,660.2945178987679,524.8927130369631
deeprm:p1_lag:SJF:20,27,124.87184482184483,636.3457231934732,511.47387837162836
deeprm:p1_lag:SJF:20,28,150.19178804528804,651.4074666999666,501.2156786546785
deeprm:p1_lag:SJF:20,29,141.58659965034965,624.0699761072261,482.4833764568765
deeprm:p1_lag:Tetris*:50,0,309.986652014652,1079.197071844822,769.2104198301699
deeprm:p1_lag:Tetris*:50,1,328.4501126373626,1134.0450971528471,805.5949845154845
deeprm:p1_lag:Tetris*:50,2,299.38578330003327,927.2605193972693,627.874736097236
deeprm:p1_lag:Tetris*:50,3,314.40235464535465,975.2354237429236,660.8330690975689
deeprm:p1_lag:Tetris*:50,4,294.0600328005328,1161.1145592740593,867.0545264735265
deeprm:p1_lag:Tetris*:50,5,327.88578971028966,1270.6402036297036,942.754413919414
deeprm:p1_lag:Tetris*:50,6,332.03827455877456,1285.6252967865469,953.5870222277723
deeprm:p1_lag:Tetris*:50,7,348.930427988678,1055.8763070263071,706.9458790376291
deeprm:p1_lag:Tetris*:50,8,270.9703021145521,1183.720355894106,912.7500537795538
deeprm:p1_lag:Tetris*:50,9,321.47990309690306,1259.6770345487846,938.1971314518815
deeprm:p1_lag:Tetris*:50,10,323.78298468198466,1175.002794122544,851.2198094405593
deeprm:p1_lag:Tetris*:50,11,252.105102980353,1265.9568115218115,1013.8517085414585
deeprm:p1_lag:Tetris*:50,12,370.49996203796195,1113.7299218281719,743.2299597902099
deeprm:p1_lag:Tetris*:50,13,368.1676246253746,1273.9414541292042,905.7738295038296
deeprm:p1_lag:Tetris*:50,14,294.38353946053945,1261.3761219613718,966.9925825008324
deeprm:p1_lag:Tetris*:50,15,308.7305293040293,1414.9948056943058,1106.2642763902766
deeprm:p1_lag:Tetris*:50,16,287.815467948718,1109.1314063436564,821.3159383949385
deeprm:p1_lag:Tetris*:50,17,294.3579965867466,1167.3318963536462,872.9738997668996
deeprm:p1_lag:Tetris*:50,18,331.3029974192474,1243.162956043956,911.8599586247086
deeprm:p1_lag:Tetris*:50,19,280.38211605061605,1261.874916083916,981.4928000333
deeprm:p1_lag:Tetris*:50,20,312.37925174825176,1242.2978821178822,929.9186303696304
deeprm:p1_lag:Tetris*:50,21,311.53640817515816,1273.587157092907,962.0507489177489
deeprm:p1_lag:Tetris*:50,22,393.3728743756244,1229.5799844322346,836.2071100566102
deeprm:p1_lag:Tetris*:50,23,309.69666475191474,1039.8226626706628,730.125997918748
deeprm:p1_lag:Tetris*:50,24,281.73561063936063,1258.7482631535133,977.0126525141527
deeprm:p1_lag:Tetris*:50,25,334.2675899100899,1150.5546656676656,816.2870757575757
deeprm:p1_lag:Tetris*:50,26,291.4435934898435,1190.6272627372628,899.1836692474192
deeprm:p1_lag:Tetris*:50,27,314.9099923409924,1156.0427556610055,841.132763320013
deeprm:p1_lag:Tetris*:50,28,320.09191999666996,1225.5420695970697,905.4501496003998
deeprm:p1_lag:Tetris*:50,29,343.71017940392943,1073.490246753247,729.7800673493175
deeprm:p1_lag:SJF:50,0,309.986652014652,1249.1033214285715,939.1166694139195
deeprm:p1_lag:SJF:50,1,328.4501126373626,1435.7892698967698,1107.3391572594073
deeprm:p1_lag:SJF:50,2,299.38578330003327,1350.6285019147517,1051.2427186147183
deeprm:p1_lag:SJF:50,3,314.40235464535465,1345.6223083583081,1031.2199537129536
deeprm:p1_lag:SJF:50,4,294.0600328005328,1481.9312752247754,1187.8712424242426
deeprm:p1_lag:SJF:50,5,327.88578971028966,1418.4468658841156,1090.561076173826
deeprm:p1_lag:SJF:50,6,332.03827455877456,1404.066975940726,1072.0287013819516
deeprm:p1_lag:SJF:50,7,348.930427988678,1307.693731851482,958.7633038628039
deeprm:p1_lag:SJF:50,8,270.9703021145521,1352.6885517815517,1081.7182496669996
deeprm:p1_lag:SJF:50,9,321.47990309690306,1475.6406307026307,1154.1607276057275
deeprm:p1_lag:SJF:50,10,323.78298468198466,1428.2940093240093,1104.5110246420245
deeprm:p1_lag:SJF:50,11,252.105102980353,1392.3206971361972,1140.2155941558442
deeprm:p1_lag:SJF:50,12,370.49996203796195,1403.7356386113888,1033.2356765734269
deeprm:p1_lag:SJF:50,13,368.1676246253746,1523.4520047452547,1155.28438011988
deeprm:p1_lag:SJF:50,14,294.38353946053945,1544.806532134532,1250.4229926739927
deeprm:p1_lag:SJF:50,15,308.7305293040293,1581.5775713453215,1272.8470420412923
deeprm:p1_lag:SJF:50,16,287.815467948718,1378.4297502497502,1090.6142823010323
deeprm:p1_lag:SJF:50,17,294.3579965867466,1418.0558528971028,1123.6978563103562
deeprm:p1_lag:SJF:50,18,331.3029974192474,1376.0692475857475,1044.7662501665
deeprm:p1_lag:SJF:50,19,280.38211605061605,1572.7977356809859,1292.4156196303697
deeprm:p1_lag:SJF:50,20,312.37925174825176,1606.984431901432,1294.60518015318
deeprm:p1_lag:SJF:50,21,311.53640817515816,1353.6737683982685,1042.1373602231104
deeprm:p1_lag:SJF:50,22,393.3728743756244,1637.5823073593074,1244.209432983683
deeprm:p1_lag:SJF:50,23,309.69666475191474,1349.9794453879454,1040.2827806360306
deeprm:p1_lag:SJF:50,24,281.73561063936063,1378.8584222444222,1097.1228116050615
deeprm:p1_lag:SJF:50,25,334.2675899100899,1516.8250903263404,1182.5575004162506
deeprm:p1_lag:SJF:50,26,291.4435934898435,1707.3214569597071,1415.8778634698635
deeprm:p1_lag:SJF:50,27,314.9099923409924,1579.0560095737594,1264.146017232767
deeprm:p1_lag:SJF:50,28,320.09191999666996,1658.0659317349316,1337.9740117382617
deeprm:p1_lag:SJF:50,29,343.71017940392943,1587.8668995171495,1244.15672011322
deeprm:p2_tail:Tetris*:2.5,0,42.281151240040636,101.71753958312078,59.43638834308015
deeprm:p2_tail:Tetris*:2.5,1,39.03811135422117,97.81820694554555,58.78009559132438
deeprm:p2_tail:Tetris*:2.5,2,36.73131502749701,98.07732899310656,61.34601396560955
deeprm:p2_tail:Tetris*:2.5,3,54.187383206718636,110.04815236968311,55.86076916296447
deeprm:p2_tail:Tetris*:2.5,4,47.32819713573721,97.88163748561128,50.553440349874066
deeprm:p2_tail:Tetris*:2.5,5,29.28634019356936,74.0714783059855,44.785138112416135
deeprm:p2_tail:Tetris*:2.5,6,39.6150830606485,77.6001434820898,37.985060421441304
deeprm:p2_tail:Tetris*:2.5,7,61.58351208068325,125.6822401764188,64.09872809573555
deeprm:p2_tail:Tetris*:2.5,8,37.321947058281154,54.78418462315716,17.462237564876006
deeprm:p2_tail:Tetris*:2.5,9,44.623526500317475,103.51200295925831,58.888476458940836
deeprm:p2_tail:Tetris*:2.5,10,34.15046610602924,70.64080457786461,36.49033847183537
deeprm:p2_tail:Tetris*:2.5,11,30.84808739757441,73.90249103353477,43.05440363596036
deeprm:p2_tail:Tetris*:2.5,12,37.71840127817238,85.13407652945021,47.41567525127783
deeprm:p2_tail:Tetris*:2.5,13,43.946173026114266,113.30357953082722,69.35740650471296
deeprm:p2_tail:Tetris*:2.5,14,37.930322389212094,71.21907572533675,33.28875333612466
deeprm:p2_tail:Tetris*:2.5,15,43.95871812204537,77.02536725821335,33.06664913616798
deeprm:p2_tail:Tetris*:2.5,16,35.648985541427564,83.00426561222656,47.355280070799
deeprm:p2_tail:Tetris*:2.5,17,35.95645576389985,75.8659025995934,39.90944683569355
deeprm:p2_tail:Tetris*:2.5,18,33.46573643226828,73.15707448474728,39.691338052479004
deeprm:p2_tail:Tetris*:2.5,19,30.908886319031808,97.69269686471063,66.78381054567882
deeprm:p2_tail:Tetris*:2.5,20,47.0454878318798,93.09769306619572,46.05220523431592
deeprm:p2_tail:Tetris*:2.5,21,35.85800590806252,147.2550286909169,111.39702278285438
deeprm:p2_tail:Tetris*:2.5,22,41.15506157510783,105.30539880122576,64.15033722611793
deeprm:p2_tail:Tetris*:2.5,23,54.022585500069184,126.91356259104592,72.89097709097673
deeprm:p2_tail:Tetris*:2.5,24,43.60345257219104,81.71406946582678,38.11061689363574
deeprm:p2_tail:Tetris*:2.5,25,33.15773545440777,55.01409942153613,21.85636396712836
deeprm:p2_tail:Tetris*:2.5,26,30.843070313579116,68.20156281859293,37.358492505013814
deeprm:p2_tail:Tetris*:2.5,27,29.52787706199534,46.29111240990131,16.76323534790597
deeprm:p2_tail:Tetris*:2.5,28,40.56379126250209,95.07308207514383,54.50929081264174
deeprm:p2_tail:Tetris*:2.5,29,33.08113987507478,60.74643720794395,27.665297332869166
deeprm:p2_tail:SJF:2.5,0,42.281151240040636,61.41698012578114,19.1358288857405
deeprm:p2_tail:SJF:2.5,1,39.03811135422117,77.70641280933671,38.66830145511554
deeprm:p2_tail:SJF:2.5,2,36.73131502749701,57.646594055808016,20.915279028311005
deeprm:p2_tail:SJF:2.5,3,54.187383206718636,69.21653346794697,15.029150261228338
deeprm:p2_tail:SJF:2.5,4,47.32819713573721,76.65398786398869,29.325790728251476
deeprm:p2_tail:SJF:2.5,5,29.28634019356936,39.65101982886643,10.364679635297072
deeprm:p2_tail:SJF:2.5,6,39.6150830606485,50.80413645717028,11.189053396521778
deeprm:p2_tail:SJF:2.5,7,61.58351208068325,101.84361804009131,40.260105959408065
deeprm:p2_tail:SJF:2.5,8,37.321947058281154,37.75927812684392,0.43733106856276294
deeprm:p2_tail:SJF:2.5,9,44.623526500317475,72.02113329780573,27.397606797488258
deeprm:p2_tail:SJF:2.5,10,34.15046610602924,45.660456896055756,11.509990790026514
deeprm:p2_tail:SJF:2.5,11,30.84808739757441,48.73717844524733,17.88909104767292
deeprm:p2_tail:SJF:2.5,12,37.71840127817238,52.2447920174739,14.526390739301519
deeprm:p2_tail:SJF:2.5,13,43.946173026114266,94.95904571783716,51.01287269172289
deeprm:p2_tail:SJF:2.5,14,37.930322389212094,43.24585142879996,5.315529039587865
deeprm:p2_tail:SJF:2.5,15,43.95871812204537,59.92222032383681,15.963502201791442
deeprm:p2_tail:SJF:2.5,16,35.648985541427564,54.047739027082045,18.39875348565448
deeprm:p2_tail:SJF:2.5,17,35.95645576389985,49.695929107807395,13.739473343907548
deeprm:p2_tail:SJF:2.5,18,33.46573643226828,47.078178028997144,13.612441596728864
deeprm:p2_tail:SJF:2.5,19,30.908886319031808,43.79340433518486,12.884518016153052
deeprm:p2_tail:SJF:2.5,20,47.0454878318798,70.08244060003217,23.036952768152375
deeprm:p2_tail:SJF:2.5,21,35.85800590806252,91.00358310537501,55.14557719731249
deeprm:p2_tail:SJF:2.5,22,41.15506157510783,64.38685184611171,23.23179027100388
deeprm:p2_tail:SJF:2.5,23,54.022585500069184,87.04701045036765,33.02442495029847
deeprm:p2_tail:SJF:2.5,24,43.60345257219104,56.87888895662829,13.27543638443725
deeprm:p2_tail:SJF:2.5,25,33.15773545440777,45.70572412534657,12.5479886709388
deeprm:p2_tail:SJF:2.5,26,30.843070313579116,18.97414314316593,-11.868927170413187
deeprm:p2_tail:SJF:2.5,27,29.52787706199534,30.74352682262436,1.2156497606290202
deeprm:p2_tail:SJF:2.5,28,40.56379126250209,53.966184732079945,13.402393469577852
deeprm:p2_tail:SJF:2.5,29,33.08113987507478,39.11755258213205,6.036412707057266
deeprm:p2_tail:Tetris*:2.0,0,48.87033398488351,115.5509679487743,66.68063396389078
deeprm:p2_tail:Tetris*:2.0,1,42.59589266854468,114.54906506455694,71.95317239601226
deeprm:p2_tail:Tetris*:2.0,2,40.306723390189575,110.56042428421915,70.25370089402958
deeprm:p2_tail:Tetris*:2.0,3,58.84266525918036,137.99387973655615,79.15121447737579
deeprm:p2_tail:Tetris*:2.0,4,50.9771563912551,110.78920078122192,59.81204438996682
deeprm:p2_tail:Tetris*:2.0,5,31.660953322248197,83.16779252850314,51.506839206254945
deeprm:p2_tail:Tetris*:2.0,6,40.667111594044044,91.03012889540896,50.36301730136492
deeprm:p2_tail:Tetris*:2.0,7,70.1965662564468,149.1252800582569,78.92871380181009
deeprm:p2_tail:Tetris*:2.0,8,38.25244367248744,63.89598868356543,25.64354501107799
deeprm:p2_tail:Tetris*:2.0,9,55.71378875619773,129.8399693513611,74.12618059516338
deeprm:p2_tail:Tetris*:2.0,10,40.072699581147916,82.51570630731698,42.44300672616906
deeprm:p2_tail:Tetris*:2.0,11,27.078680971911282,92.77472507339957,65.69604410148828
deeprm:p2_tail:Tetris*:2.0,12,37.839433204526955,108.72769095664684,70.88825775211988
deeprm:p2_tail:Tetris*:2.0,13,54.72955888271878,130.67485520171422,75.94529631899545
deeprm:p2_tail:Tetris*:2.0,14,44.24298769037961,82.08332981291602,37.84034212253641
deeprm:p2_tail:Tetris*:2.0,15,44.67082083843739,80.66719958457523,35.996378746137836
deeprm:p2_tail:Tetris*:2.0,16,39.71113339331512,98.18094930175414,58.46981590843902
deeprm:p2_tail:Tetris*:2.0,17,35.20600055896594,91.61615064218061,56.410150083214674
deeprm:p2_tail:Tetris*:2.0,18,37.30206399251689,86.00743216061787,48.705368168100975
deeprm:p2_tail:Tetris*:2.0,19,31.646245573826928,121.58819692506911,89.94195135124218
deeprm:p2_tail:Tetris*:2.0,20,44.6190376454765,117.14206309529844,72.52302544982194
deeprm:p2_tail:Tetris*:2.0,21,41.222456020220434,176.89790909956875,135.6754530793483
deeprm:p2_tail:Tetris*:2.0,22,47.321463283208026,133.7737286642451,86.45226538103708
deeprm:p2_tail:Tetris*:2.0,23,56.357679104534846,153.61079423997916,97.25311513544432
deeprm:p2_tail:Tetris*:2.0,24,41.90590896614435,102.35260491549178,60.44669594934743
deeprm:p2_tail:Tetris*:2.0,25,32.740530964815235,57.7659008490089,25.025369884193665
deeprm:p2_tail:Tetris*:2.0,26,28.3324271188993,92.4173908718292,64.0849637529299
deeprm:p2_tail:Tetris*:2.0,27,28.826016603881158,51.233550753941614,22.407534150060457
deeprm:p2_tail:Tetris*:2.0,28,42.96661604891444,118.11063102863638,75.14401497972193
deeprm:p2_tail:Tetris*:2.0,29,32.35351607329452,72.91952069986303,40.56600462656851
deeprm:p2_tail:SJF:2.0,0,48.87033398488351,66.90157183964475,18.031237854761237
deeprm:p2_tail:SJF:2.0,1,42.59589266854468,96.07300167685706,53.47710900831238
deeprm:p2_tail:SJF:2.0,2,40.306723390189575,65.49073770628523,25.184014316095656
deeprm:p2_tail:SJF:2.0,3,58.84266525918036,83.58097513891693,24.73830987973657
deeprm:p2_tail:SJF:2.0,4,50.9771563912551,91.17418221324486,40.19702582198976
deeprm:p2_tail:SJF:2.0,5,31.660953322248197,48.44374280899367,16.78278948674547
deeprm:p2_tail:SJF:2.0,6,40.667111594044044,63.51920271396214,22.852091119918093
deeprm:p2_tail:SJF:2.0,7,70.1965662564468,126.92788906806246,56.731322811615655
deeprm:p2_tail:SJF:2.0,8,38.25244367248744,44.590921134825805,6.338477462338368
deeprm:p2_tail:SJF:2.0,9,55.71378875619773,98.27703326536825,42.56324450917052
deeprm:p2_tail:SJF:2.0,10,40.072699581147916,55.13573391425074,15.063034333102827
deeprm:p2_tail:SJF:2.0,11,27.078680971911282,64.22933871735653,37.150657745445244
deeprm:p2_tail:SJF:2.0,12,37.839433204526955,72.17820279809057,34.33876959356361
deeprm:p2_tail:SJF:2.0,13,54.72955888271878,114.11213766628548,59.3825787835667
deeprm:p2_tail:SJF:2.0,14,44.24298769037961,47.45971917900903,3.2167314886294207
deeprm:p2_tail:SJF:2.0,15,44.67082083843739,71.53302655690902,26.86220571847163
deeprm:p2_tail:SJF:2.0,16,39.71113339331512,51.18052429495233,11.469390901637205
deeprm:p2_tail:SJF:2.0,17,35.20600055896594,59.95458664000631,24.748586081040372
deeprm:p2_tail:SJF:2.0,18,37.30206399251689,48.84968058582441,11.547616593307517
deeprm:p2_tail:SJF:2.0,19,31.646245573826928,53.34560882365371,21.699363249826785
deeprm:p2_tail:SJF:2.0,20,44.6190376454765,83.03288940865897,38.41385176318247
deeprm:p2_tail:SJF:2.0,21,41.222456020220434,93.31151486155588,52.089058841335444
deeprm:p2_tail:SJF:2.0,22,47.321463283208026,88.95589794007162,41.6344346568636
deeprm:p2_tail:SJF:2.0,23,56.357679104534846,98.16854373499027,41.81086463045542
deeprm:p2_tail:SJF:2.0,24,41.90590896614435,62.556150975313706,20.650242009169354
deeprm:p2_tail:SJF:2.0,25,32.740530964815235,51.855440741799406,19.11490977698417
deeprm:p2_tail:SJF:2.0,26,28.3324271188993,39.42867629629011,11.096249177390806
deeprm:p2_tail:SJF:2.0,27,28.826016603881158,36.134302561087004,7.308285957205847
deeprm:p2_tail:SJF:2.0,28,42.96661604891444,75.60792817113612,32.641312122221684
deeprm:p2_tail:SJF:2.0,29,32.35351607329452,45.79949897840496,13.44598290511044
deeprm:p2_tail:Tetris*:1.75,0,45.77617306518957,149.82444222461032,104.04826915942076
deeprm:p2_tail:Tetris*:1.75,1,48.348124182693994,123.60080828655299,75.252684103859
deeprm:p2_tail:Tetris*:1.75,2,36.67260013623805,123.50337162539925,86.83077148916121
deeprm:p2_tail:Tetris*:1.75,3,64.51080095573265,178.8213045080711,114.31050355233846
deeprm:p2_tail:Tetris*:1.75,4,46.64953887495808,121.98793097217289,75.33839209721481
deeprm:p2_tail:Tetris*:1.75,5,32.56843222637699,88.37417314886397,55.80574092248698
deeprm:p2_tail:Tetris*:1.75,6,42.39204314115967,101.91316554370626,59.52112240254659
deeprm:p2_tail:Tetris*:1.75,7,75.70702869910592,167.18679739888714,91.47976869978122
deeprm:p2_tail:Tetris*:1.75,8,36.450897039823126,75.89086481419477,39.439967774371645
deeprm:p2_tail:Tetris*:1.75,9,57.20338163088542,149.51393293801073,92.31055130712531
deeprm:p2_tail:Tetris*:1.75,10,36.08474922476546,91.7855332494618,55.70078402469635
deeprm:p2_tail:Tetris*:1.75,11,31.596269183723052,109.20702335544144,77.61075417171838
deeprm:p2_tail:Tetris*:1.75,12,41.52248543727768,127.71015426017053,86.18766882289285
deeprm:p2_tail:Tetris*:1.75,13,61.396153643119895,147.82060156288662,86.42444791976672
deeprm:p2_tail:Tetris*:1.75,14,44.50349998894363,90.99081241193784,46.48731242299421
deeprm:p2_tail:Tetris*:1.75,15,49.29958697285042,95.95711831936555,46.65753134651513
deeprm:p2_tail:Tetris*:1.75,16,36.61975787364106,110.37083583937016,73.7510779657291
deeprm:p2_tail:Tetris*:1.75,17,31.385466861852475,106.66446323418292,75.27899637233044
deeprm:p2_tail:Tetris*:1.75,18,42.61955819262824,95.03469745205419,52.41513925942595
deeprm:p2_tail:Tetris*:1.75,19,31.765617225818243,143.48767123054813,111.72205400472988
deeprm:p2_tail:Tetris*:1.75,20,62.016013690661865,135.51728784075385,73.50127415009199
deeprm:p2_tail:Tetris*:1.75,21,52.45002160754966,200.57128088680682,148.12125927925717
deeprm:p2_tail:Tetris*:1.75,22,49.27645680782211,152.965786734885,103.68932992706289
deeprm:p2_tail:Tetris*:1.75,23,56.198232582151185,175.07240029796677,118.87416771581559
deeprm:p2_tail:Tetris*:1.75,24,48.54287636394437,123.81198588399627,75.2691095200519
deeprm:p2_tail:Tetris*:1.75,25,34.52191518647464,61.900354501340324,27.378439314865687
deeprm:p2_tail:Tetris*:1.75,26,29.05418662292912,117.00912156104856,87.95493493811944
deeprm:p2_tail:Tetris*:1.75,27,28.534649906963818,56.31970932023035,27.785059413266534
deeprm:p2_tail:Tetris*:1.75,28,46.01150326423433,135.52696928080576,89.51546601657142
deeprm:p2_tail:Tetris*:1.75,29,33.74627615245358,85.78739932511425,52.04112317266067
deeprm:p2_tail:SJF:1.75,0,45.77617306518957,86.90250932762831,41.12633626243874
deeprm:p2_tail:SJF:1.75,1,48.348124182693994,109.811651906384,61.46352772369001
deeprm:p2_tail:SJF:1.75,2,36.67260013623805,71.77198773693603,35.09938760069797
deeprm:p2_tail:SJF:1.75,3,64.51080095573265,97.88343941625753,33.37263846052488
deeprm:p2_tail:SJF:1.75,4,46.64953887495808,99.13444806018579,52.48490918522771
deeprm:p2_tail:SJF:1.75,5,32.56843222637699,56.433682401293645,23.865250174916653
deeprm:p2_tail:SJF:1.75,6,42.39204314115967,62.92226879533086,20.53022565417119
deeprm:p2_tail:SJF:1.75,7,75.70702869910592,149.5568432098333,73.84981451072737
deeprm:p2_tail:SJF:1.75,8,36.450897039823126,50.25357221928567,13.802675179462547
deeprm:p2_tail:SJF:1.75,9,57.20338163088542,110.55446676800999,53.35108513712457
deeprm:p2_tail:SJF:1.75,10,36.08474922476546,60.589995529935166,24.505246305169706
deeprm:p2_tail:SJF:1.75,11,31.596269183723052,74.32422566177802,42.72795647805496
deeprm:p2_tail:SJF:1.75,12,41.52248543727768,70.59213463932271,29.069649202045028
deeprm:p2_tail:SJF:1.75,13,61.396153643119895,114.91492106548229,53.518767422362394
deeprm:p2_tail:SJF:1.75,14,44.50349998894363,54.89868045673242,10.39518046778879
deeprm:p2_tail:SJF:1.75,15,49.29958697285042,70.90662148804928,21.607034515198862
deeprm:p2_tail:SJF:1.75,16,36.61975787364106,60.470602205186786,23.850844331545723
deeprm:p2_tail:SJF:1.75,17,31.385466861852475,69.8362948077378,38.45082794588532
deeprm:p2_tail:SJF:1.75,18,42.61955819262824,52.244211283299194,9.624653090670954
deeprm:p2_tail:SJF:1.75,19,31.765617225818243,60.051938069326134,28.28632084350789
deeprm:p2_tail:SJF:1.75,20,62.016013690661865,106.63246923012663,44.616455539464766
deeprm:p2_tail:SJF:1.75,21,52.45002160754966,105.33727313906354,52.88725153151388
deeprm:p2_tail:SJF:1.75,22,49.27645680782211,113.18626730656679,63.90981049874468
deeprm:p2_tail:SJF:1.75,23,56.198232582151185,107.81476037857601,51.616527796424826
deeprm:p2_tail:SJF:1.75,24,48.54287636394437,71.37157374872145,22.828697384777072
deeprm:p2_tail:SJF:1.75,25,34.52191518647464,58.00345897277759,23.48154378630295
deeprm:p2_tail:SJF:1.75,26,29.05418662292912,48.221666289850674,19.167479666921555
deeprm:p2_tail:SJF:1.75,27,28.534649906963818,35.5315833262833,6.996933419319479
deeprm:p2_tail:SJF:1.75,28,46.01150326423433,87.65663260145732,41.64512933722299
deeprm:p2_tail:SJF:1.75,29,33.74627615245358,54.07965106155618,20.333374909102595
deeprm:p2_tail:Tetris*:1.5,0,51.8237722549296,171.2924582866555,119.4686860317259
deeprm:p2_tail:Tetris*:1.5,1,56.37128847867178,134.50109259105346,78.12980411238169
deeprm:p2_tail:Tetris*:1.5,2,42.093621366610805,136.2005130398693,94.10689167325849
deeprm:p2_tail:Tetris*:1.5,3,76.00781955371279,207.6857986454071,131.67797909169428
deeprm:p2_tail:Tetris*:1.5,4,55.91503181372173,135.43312416219163,79.5180923484699
deeprm:p2_tail:Tetris*:1.5,5,35.939132567595806,98.75389691165623,62.81476434406042
deeprm:p2_tail:Tetris*:1.5,6,54.09646549913614,126.90848132877501,72.81201582963888
deeprm:p2_tail:Tetris*:1.5,7,91.82607924435128,193.01729692187345,101.19121767752218
deeprm:p2_tail:Tetris*:1.5,8,40.24640198198416,84.3808144649211,44.134412482936945
deeprm:p2_tail:Tetris*:1.5,9,70.12302451087189,176.10641124761815,105.98338673674627
deeprm:p2_tail:Tetris*:1.5,10,37.81546291637784,109.02439709736188,71.20893418098404
deeprm:p2_tail:Tetris*:1.5,11,36.88981864701126,129.50418794114475,92.6143692941335
deeprm:p2_tail:Tetris*:1.5,12,51.04190193501339,165.46806554166477,114.42616360665139
deeprm:p2_tail:Tetris*:1.5,13,78.62170609082247,180.17791257144935,101.55620648062688
deeprm:p2_tail:Tetris*:1.5,14,51.08461189747439,107.03077539011475,55.946163492640366
deeprm:p2_tail:Tetris*:1.5,15,56.193639463580375,104.37503068752947,48.1813912239491
deeprm:p2_tail:Tetris*:1.5,16,41.52122626586329,132.24836153513488,90.72713526927159
deeprm:p2_tail:Tetris*:1.5,17,36.808265897910935,114.73848990950287,77.93022401159195
deeprm:p2_tail:Tetris*:1.5,18,43.28236615975408,104.05776386365129,60.775397703897205
deeprm:p2_tail:Tetris*:1.5,19,35.499832169707275,163.80374800803017,128.3039158383229
deeprm:p2_tail:Tetris*:1.5,20,64.03342989215088,162.62201208223914,98.58858219008826
deeprm:p2_tail:Tetris*:1.5,21,43.409118981167175,242.67302209352377,199.2639031123566
deeprm:p2_tail:Tetris*:1.5,22,57.14318697250227,176.129533675988,118.98634670348574
deeprm:p2_tail:Tetris*:1.5,23,64.33149612100382,202.81910904365634,138.48761292265252
deeprm:p2_tail:Tetris*:1.5,24,53.657509270968106,139.53733357199252,85.87982430102441
deeprm:p2_tail:Tetris*:1.5,25,32.85317687695007,73.08621832779544,40.23304145084536
deeprm:p2_tail:Tetris*:1.5,26,21.265976769963064,147.6619541853543,126.39597741539123
deeprm:p2_tail:Tetris*:1.5,27,31.43334722469262,63.50266587150769,32.06931864681506
deeprm:p2_tail:Tetris*:1.5,28,49.5985517096474,157.32819183320382,107.72964012355641
deeprm:p2_tail:Tetris*:1.5,29,31.59955999938994,106.06907297943471,74.46951298004477
deeprm:p2_tail:SJF:1.5,0,51.8237722549296,95.79567073738522,43.97189848245562
deeprm:p2_tail:SJF:1.5,1,56.37128847867178,112.41688594917545,56.04559747050367
deeprm:p2_tail:SJF:1.5,2,42.093621366610805,82.6600097329621,40.56638836635129
deeprm:p2_tail:SJF:1.5,3,76.00781955371279,103.95922966545218,27.951410111739392
deeprm:p2_tail:SJF:1.5,4,55.91503181372173,113.13353571715594,57.218503903434204
deeprm:p2_tail:SJF:1.5,5,35.939132567595806,50.31920281250743,14.380070244911622
deeprm:p2_tail:SJF:1.5,6,54.09646549913614,75.02686288154966,20.930397382413524
deeprm:p2_tail:SJF:1.5,7,91.82607924435128,180.16981328592655,88.34373404157527
deeprm:p2_tail:SJF:1.5,8,40.24640198198416,61.59858783130583,21.35218584932167
deeprm:p2_tail:SJF:1.5,9,70.12302451087189,123.29398997571725,53.17096546484537
deeprm:p2_tail:SJF:1.5,10,37.81546291637784,67.35523146320625,29.539768546828412
deeprm:p2_tail:SJF:1.5,11,36.88981864701126,101.1397460793553,64.24992743234404
deeprm:p2_tail:SJF:1.5,12,51.04190193501339,103.99475596215444,52.95285402714105
deeprm:p2_tail:SJF:1.5,13,78.62170609082247,139.2089308672995,60.58722477647703
deeprm:p2_tail:SJF:1.5,14,51.08461189747439,60.695271702150364,9.610659804675976
deeprm:p2_tail:SJF:1.5,15,56.193639463580375,82.08341983937186,25.88978037579148
deeprm:p2_tail:SJF:1.5,16,41.52122626586329,74.84144576184812,33.32021949598483
deeprm:p2_tail:SJF:1.5,17,36.808265897910935,85.95100506171353,49.142739163802595
deeprm:p2_tail:SJF:1.5,18,43.28236615975408,60.861198789222726,17.578832629468643
deeprm:p2_tail:SJF:1.5,19,35.499832169707275,75.46706813775441,39.967235968047135
deeprm:p2_tail:SJF:1.5,20,64.03342989215088,128.05921518331533,64.02578529116445
deeprm:p2_tail:SJF:1.5,21,43.409118981167175,129.93979371987916,86.53067473871198
deeprm:p2_tail:SJF:1.5,22,57.14318697250227,142.70573101437864,85.56254404187638
deeprm:p2_tail:SJF:1.5,23,64.33149612100382,115.8176423292067,51.48614620820288
deeprm:p2_tail:SJF:1.5,24,53.657509270968106,101.09437963854369,47.43687036757558
deeprm:p2_tail:SJF:1.5,25,32.85317687695007,76.24097984092624,43.38780296397617
deeprm:p2_tail:SJF:1.5,26,21.265976769963064,65.04490714877076,43.7789303788077
deeprm:p2_tail:SJF:1.5,27,31.43334722469262,47.479938161325464,16.046590936632843
deeprm:p2_tail:SJF:1.5,28,49.5985517096474,104.28079303117379,54.682241321526384
deeprm:p2_tail:SJF:1.5,29,31.59955999938994,64.21953117089579,32.61997117150585
deeprm:p2_tail:Tetris*:1.3,0,57.04805629552175,191.5473928112373,134.49933651571556
deeprm:p2_tail:Tetris*:1.3,1,63.51187941842456,152.47192467190604,88.96004525348147
deeprm:p2_tail:Tetris*:1.3,2,39.8541332162318,169.5124137912054,129.65828057497362
deeprm:p2_tail:Tetris*:1.3,3,82.37078436452481,245.94299923768588,163.57221487316107
deeprm:p2_tail:Tetris*:1.3,4,62.66023845323513,162.86879266367276,100.20855421043763
deeprm:p2_tail:Tetris*:1.3,5,37.597514438789396,108.90148870204892,71.30397426325953
deeprm:p2_tail:Tetris*:1.3,6,56.675812837532014,151.39784127358857,94.72202843605655
deeprm:p2_tail:Tetris*:1.3,7,100.82758602550413,226.00867211469227,125.18108608918814
deeprm:p2_tail:Tetris*:1.3,8,40.109069155742056,102.67177345850709,62.562704302765034
deeprm:p2_tail:Tetris*:1.3,9,66.52706787041647,205.942924407945,139.4158565375285
deeprm:p2_tail:Tetris*:1.3,10,35.76159729756111,131.34155367065753,95.57995637309642
deeprm:p2_tail:Tetris*:1.3,11,39.04693795025506,143.3420218585587,104.29508390830364
deeprm:p2_tail:Tetris*:1.3,12,55.834685629211215,168.67683177505572,112.84214614584451
deeprm:p2_tail:Tetris*:1.3,13,90.88500686051755,206.00537645393976,115.12036959342221
deeprm:p2_tail:Tetris*:1.3,14,53.4107375190681,125.70478399117164,72.29404647210353
deeprm:p2_tail:Tetris*:1.3,15,60.70750699831527,130.83609611707104,70.12858911875577
deeprm:p2_tail:Tetris*:1.3,16,43.189905171765716,156.67362360537152,113.4837184336058
deeprm:p2_tail:Tetris*:1.3,17,38.996661865647646,138.7444354433841,99.74777357773647
deeprm:p2_tail:Tetris*:1.3,18,50.124158457621604,123.52833947061941,73.40418101299781
deeprm:p2_tail:Tetris*:1.3,19,37.171276417766705,189.81025777930995,152.63898136154324
deeprm:p2_tail:Tetris*:1.3,20,55.58506601941014,198.87555009624958,143.29048407683945
deeprm:p2_tail:Tetris*:1.3,21,47.743370942626576,282.3277373134062,234.58436637077963
deeprm:p2_tail:Tetris*:1.3,22,85.23676811037895,221.92654654949672,136.6897784391178
deeprm:p2_tail:Tetris*:1.3,23,65.44308627498636,215.22963489030582,149.78654861531948
deeprm:p2_tail:Tetris*:1.3,24,49.50556890323946,169.31574118762504,119.81017228438557
deeprm:p2_tail:Tetris*:1.3,25,38.67056001893399,80.0839775345591,41.413417515625106
deeprm:p2_tail:Tetris*:1.3,26,29.837662227043925,158.38518408818155,128.54752186113762
deeprm:p2_tail:Tetris*:1.3,27,34.06612157028482,72.44279339294086,38.376671822656036
deeprm:p2_tail:Tetris*:1.3,28,46.894595540199425,174.53230867821173,127.63771313801232
deeprm:p2_tail:Tetris*:1.3,29,31.42955978594779,120.0317502804409,88.60219049449312
deeprm:p2_tail:SJF:1.3,0,57.04805629552175,105.86562776422262,48.817571468700876
deeprm:p2_tail:SJF:1.3,1,63.51187941842456,128.15417734087094,64.64229792244637
deeprm:p2_tail:SJF:1.3,2,39.8541332162318,96.76980176070319,56.91566854447139
deeprm:p2_tail:SJF:1.3,3,82.37078436452481,128.63440259577385,46.26361823124904
deeprm:p2_tail:SJF:1.3,4,62.66023845323513,119.20128479457514,56.541046341340014
deeprm:p2_tail:SJF:1.3,5,37.597514438789396,82.54790999343945,44.95039555465005
deeprm:p2_tail:SJF:1.3,6,56.675812837532014,96.409497373229,39.73368453569699
deeprm:p2_tail:SJF:1.3,7,100.82758602550413,198.67119795757074,97.84361193206661
deeprm:p2_tail:SJF:1.3,8,40.109069155742056,72.32079611715915,32.21172696141709
deeprm:p2_tail:SJF:1.3,9,66.52706787041647,140.28550565027936,73.75843777986289
deeprm:p2_tail:SJF:1.3,10,35.76159729756111,75.55647049713026,39.79487319956915
deeprm:p2_tail:SJF:1.3,11,39.04693795025506,100.88184830467264,61.83491035441759
deeprm:p2_tail:SJF:1.3,12,55.834685629211215,129.2732279363349,73.4385423071237
deeprm:p2_tail:SJF:1.3,13,90.88500686051755,156.4346849673503,65.54967810683276
deeprm:p2_tail:SJF:1.3,14,53.4107375190681,71.90241624764847,18.491678728580375
deeprm:p2_tail:SJF:1.3,15,60.70750699831527,100.35475401290437,39.6472470145891
deeprm:p2_tail:SJF:1.3,16,43.189905171765716,82.87410316653249,39.68419799476678
deeprm:p2_tail:SJF:1.3,17,38.996661865647646,81.89589164743525,42.899229781787604
deeprm:p2_tail:SJF:1.3,18,50.124158457621604,80.0381747306755,29.91401627305389
deeprm:p2_tail:SJF:1.3,19,37.171276417766705,90.64696268920505,53.47568627143835
deeprm:p2_tail:SJF:1.3,20,55.58506601941014,158.94534986967,103.36028385025986
deeprm:p2_tail:SJF:1.3,21,47.743370942626576,172.97874494003503,125.23537399740846
deeprm:p2_tail:SJF:1.3,22,85.23676811037895,174.07824312472388,88.84147501434494
deeprm:p2_tail:SJF:1.3,23,65.44308627498636,125.83690070901994,60.39381443403359
deeprm:p2_tail:SJF:1.3,24,49.50556890323946,131.0932205801586,81.58765167691914
deeprm:p2_tail:SJF:1.3,25,38.67056001893399,68.628542741843,29.957982722909016
deeprm:p2_tail:SJF:1.3,26,29.837662227043925,71.60584911845768,41.76818689141376
deeprm:p2_tail:SJF:1.3,27,34.06612157028482,49.00950765124081,14.943386080955989
deeprm:p2_tail:SJF:1.3,28,46.894595540199425,117.069280746615,70.17468520641557
deeprm:p2_tail:SJF:1.3,29,31.42955978594779,83.94715038106838,52.517590595120595
deeprm:p2_tail:Tetris*:1.1,0,72.57770350353294,231.06441880717034,158.4867153036374
deeprm:p2_tail:Tetris*:1.1,1,67.24224602719553,180.98350438576983,113.7412583585743
deeprm:p2_tail:Tetris*:1.1,2,49.076001350496874,162.84963527570628,113.7736339252094
deeprm:p2_tail:Tetris*:1.1,3,94.52813111714995,287.4844585040847,192.9563273869348
deeprm:p2_tail:Tetris*:1.1,4,76.15298715507885,205.6250697366643,129.47208258158545
deeprm:p2_tail:Tetris*:1.1,5,38.081666456109794,124.27863199483006,86.19696553872026
deeprm:p2_tail:Tetris*:1.1,6,65.6153005532056,181.26648455448802,115.65118400128242
deeprm:p2_tail:Tetris*:1.1,7,116.72832117738977,269.1204214425223,152.3921002651325
deeprm:p2_tail:Tetris*:1.1,8,44.99939094743786,115.98264624070883,70.98325529327097
deeprm:p2_tail:Tetris*:1.1,9,81.3839971921172,247.4959321483293,166.1119349562121
deeprm:p2_tail:Tetris*:1.1,10,46.02074666237163,151.33705741281557,105.31631075044393
deeprm:p2_tail:Tetris*:1.1,11,43.02803624408685,156.3170114930259,113.28897524893904
deeprm:p2_tail:Tetris*:1.1,12,66.20581144560533,217.80190351666792,151.59609207106257
deeprm:p2_tail:Tetris*:1.1,13,105.5326560301585,236.43720368241074,130.90454765225223
deeprm:p2_tail:Tetris*:1.1,14,58.9557191395086,144.01659665046765,85.06087751095905
deeprm:p2_tail:Tetris*:1.1,15,63.54370235102725,140.7266064879232,77.18290413689594
deeprm:p2_tail:Tetris*:1.1,16,50.682900764869025,179.09673884511125,128.41383808024221
deeprm:p2_tail:Tetris*:1.1,17,37.104138402241134,162.0968134545804,124.99267505233927
deeprm:p2_tail:Tetris*:1.1,18,50.30476609463014,152.25153091940885,101.94676482477871
deeprm:p2_tail:Tetris*:1.1,19,47.64331544174223,225.28712016476027,177.64380472301804
deeprm:p2_tail:Tetris*:1.1,20,66.29245140656448,211.89839579086217,145.6059443842977
deeprm:p2_tail:Tetris*:1.1,21,59.107739991742456,318.4184276149115,259.31068762316903
deeprm:p2_tail:Tetris*:1.1,22,89.6364231489148,283.1683168908983,193.53189374198354
deeprm:p2_tail:Tetris*:1.1,23,77.75061571029455,230.41166797296376,152.66105226266922
deeprm:p2_tail:Tetris*:1.1,24,68.79524581743398,210.5363043162926,141.7410584988586
deeprm:p2_tail:Tetris*:1.1,25,37.662197536350874,95.22582953000185,57.56363199365097
deeprm:p2_tail:Tetris*:1.1,26,33.27837374926,170.98342198107147,137.70504823181147
deeprm:p2_tail:Tetris*:1.1,27,34.94471266165468,86.78915031125966,51.844437649604984
deeprm:p2_tail:Tetris*:1.1,28,51.132442191848114,208.63753329467804,157.5050911028299
deeprm:p2_tail:Tetris*:1.1,29,43.16705273808966,129.0945880839048,85.92753534581513
deeprm:p2_tail:SJF:1.1,0,72.57770350353294,124.47786148565712,51.90015798212417
deeprm:p2_tail:SJF:1.1,1,67.24224602719553,150.26258961308613,83.0203435858906
deeprm:p2_tail:SJF:1.1,2,49.076001350496874,109.98248331264833,60.90648196215145
deeprm:p2_tail:SJF:1.1,3,94.52813111714995,155.04718856561428,60.519057448464324
deeprm:p2_tail:SJF:1.1,4,76.15298715507885,155.80409345605025,79.6511063009714
deeprm:p2_tail:SJF:1.1,5,38.081666456109794,94.73176444890115,56.65009799279135
deeprm:p2_tail:SJF:1.1,6,65.6153005532056,124.61761517520608,59.00231462200048
deeprm:p2_tail:SJF:1.1,7,116.72832117738977,236.11940540049966,119.39108422310989
deeprm:p2_tail:SJF:1.1,8,44.99939094743786,91.17614020393265,46.17674925649479
deeprm:p2_tail:SJF:1.1,9,81.3839971921172,170.03497478684287,88.65097759472566
deeprm:p2_tail:SJF:1.1,10,46.02074666237163,97.97540234589513,51.954655683523505
deeprm:p2_tail:SJF:1.1,11,43.02803624408685,112.4159577126761,69.38792146858925
deeprm:p2_tail:SJF:1.1,12,66.20581144560533,122.78528173565819,56.57947029005285
deeprm:p2_tail:SJF:1.1,13,105.5326560301585,173.7470048714922,68.2143488413337
deeprm:p2_tail:SJF:1.1,14,58.9557191395086,85.14466343128075,26.188944291772145
deeprm:p2_tail:SJF:1.1,15,63.54370235102725,121.77593603079372,58.232233679766466
deeprm:p2_tail:SJF:1.1,16,50.682900764869025,98.43315535443786,47.75025458956883
deeprm:p2_tail:SJF:1.1,17,37.104138402241134,92.34906271612661,55.24492431388548
deeprm:p2_tail:SJF:1.1,18,50.30476609463014,101.26107176994013,50.95630567530999
deeprm:p2_tail:SJF:1.1,19,47.64331544174223,112.35446234537613,64.7111469036339
deeprm:p2_tail:SJF:1.1,20,66.29245140656448,186.10811150778594,119.81566010122145
deeprm:p2_tail:SJF:1.1,21,59.107739991742456,199.26052441609673,140.15278442435428
deeprm:p2_tail:SJF:1.1,22,89.6364231489148,216.57182862237693,126.93540547346213
deeprm:p2_tail:SJF:1.1,23,77.75061571029455,141.63929042090183,63.888674710607276
deeprm:p2_tail:SJF:1.1,24,68.79524581743398,134.28885320111883,65.49360738368485
deeprm:p2_tail:SJF:1.1,25,37.662197536350874,78.33740255248516,40.675205016134285
deeprm:p2_tail:SJF:1.1,26,33.27837374926,70.08231084818635,36.803937098926355
deeprm:p2_tail:SJF:1.1,27,34.94471266165468,51.888719586006275,16.944006924351598
deeprm:p2_tail:SJF:1.1,28,51.132442191848114,137.23804711093,86.1056049190819
deeprm:p2_tail:SJF:1.1,29,43.16705273808966,83.62704502834251,40.45999229025285
deeprm:p3_fgsm:Tetris*:0.0,0,47.37118906093906,67.58478554778554,20.213596486846484
deeprm:p3_fgsm:Tetris*:0.0,1,40.70935972360973,65.87566017316017,25.16630044955044
deeprm:p3_fgsm:Tetris*:0.0,2,42.9004781052281,68.60868548118547,25.70820737595737
deeprm:p3_fgsm:Tetris*:0.0,3,44.664503912753915,60.091639360639356,15.42713544788544
deeprm:p3_fgsm:Tetris*:0.0,4,34.05547027972028,50.30752006327007,16.252049783549786
deeprm:p3_fgsm:Tetris*:0.0,5,37.55395054945055,68.39299558774559,30.83904503829504
deeprm:p3_fgsm:Tetris*:0.0,6,20.360305944055945,41.80478238428238,21.44447644022644
deeprm:p3_fgsm:Tetris*:0.0,7,45.512217698967696,63.603686230436224,18.09146853146853
deeprm:p3_fgsm:Tetris*:0.0,8,22.191571595071597,51.02312021312022,28.831548618048625
deeprm:p3_fgsm:Tetris*:0.0,9,39.91872877122877,69.56870895770895,29.649980186480178
deeprm:p3_fgsm:Tetris*:0.0,10,24.720416833166833,54.173575674325676,29.453158841158842
deeprm:p3_fgsm:Tetris*:0.0,11,15.155430236430236,30.063120546120544,14.907690309690308
deeprm:p3_fgsm:Tetris*:0.0,12,39.77572902097902,62.57283183483184,22.797102813852817
deeprm:p3_fgsm:Tetris*:0.0,13,47.55750915750916,71.1335347985348,23.576025641025637
deeprm:p3_fgsm:Tetris*:0.0,14,31.805784632034634,53.86914735264736,22.063362720612727
deeprm:p3_fgsm:Tetris*:0.0,15,30.871732517482524,59.147081085581085,28.27534856809856
deeprm:p3_fgsm:Tetris*:0.0,16,36.67203388278388,62.71488636363637,26.04285248085249
deeprm:p3_fgsm:Tetris*:0.0,17,17.794311854811852,42.495925407925405,24.701613553113553
deeprm:p3_fgsm:Tetris*:0.0,18,56.5962644022644,85.88719713619713,29.290932733932728
deeprm:p3_fgsm:Tetris*:0.0,19,32.481126373626374,54.433687312687304,21.95256093906093
deeprm:p3_fgsm:Tetris*:0.0,20,51.83238819513819,72.6759850982351,20.84359690309691
deeprm:p3_fgsm:Tetris*:0.0,21,27.679599067599064,51.71534299034299,24.035743922743926
deeprm:p3_fgsm:Tetris*:0.0,22,54.39017574092574,80.75323792873793,26.36306218781219
deeprm:p3_fgsm:Tetris*:0.0,23,42.822308857808856,59.731751831501825,16.90944297369297
deeprm:p3_fgsm:Tetris*:0.0,24,37.81579212454212,61.345469447219436,23.529677322677315
deeprm:p3_fgsm:Tetris*:0.0,25,20.991091158841158,47.03315767565768,26.04206651681652
deeprm:p3_fgsm:Tetris*:0.0,26,12.187011488511489,31.510836746586747,19.32382525807526
deeprm:p3_fgsm:Tetris*:0.0,27,39.65242932067932,74.31861671661673,34.66618739593741
deeprm:p3_fgsm:Tetris*:0.0,28,36.429593406593405,74.75043514818516,38.32084174159176
deeprm:p3_fgsm:Tetris*:0.0,29,34.113194139194135,56.961522560772565,22.84832842157843
deeprm:p3_fgsm:SJF:0.0,0,47.37118906093906,39.152175657675656,-8.219013403263403
deeprm:p3_fgsm:SJF:0.0,1,40.70935972360973,40.1342002997003,-0.5751594239094331
deeprm:p3_fgsm:SJF:0.0,2,42.9004781052281,45.96572610722611,3.0652480019980075
deeprm:p3_fgsm:SJF:0.0,3,44.664503912753915,43.04584224109224,-1.6186616716616768
deeprm:p3_fgsm:SJF:0.0,4,34.05547027972028,34.54387629037629,0.4884060106560071
deeprm:p3_fgsm:SJF:0.0,5,37.55395054945055,44.45495279720279,6.9010022477522455
deeprm:p3_fgsm:SJF:0.0,6,20.360305944055945,25.93461455211455,5.574308608058605
deeprm:p3_fgsm:SJF:0.0,7,45.512217698967696,54.489246503496496,8.9770288045288
deeprm:p3_fgsm:SJF:0.0,8,22.191571595071597,28.18643506493507,5.994863469863471
deeprm:p3_fgsm:SJF:0.0,9,39.91872877122877,41.72643972693973,1.8077109557109594
deeprm:p3_fgsm:SJF:0.0,10,24.720416833166833,38.75474417249417,14.034327339327337
deeprm:p3_fgsm:SJF:0.0,11,15.155430236430236,24.865288211788215,9.709857975357979
deeprm:p3_fgsm:SJF:0.0,12,39.77572902097902,35.07460814185814,-4.701120879120879
deeprm:p3_fgsm:SJF:0.0,13,47.55750915750916,48.7708682983683,1.21335914085914
deeprm:p3_fgsm:SJF:0.0,14,31.805784632034634,37.565319347319345,5.759534715284712
deeprm:p3_fgsm:SJF:0.0,15,30.871732517482524,37.42776831501831,6.556035797535788
deeprm:p3_fgsm:SJF:0.0,16,36.67203388278388,44.44072485847486,7.76869097569098
deeprm:p3_fgsm:SJF:0.0,17,17.794311854811852,29.03000058275058,11.23568872793873
deeprm:p3_fgsm:SJF:0.0,18,56.5962644022644,58.88275174825175,2.2864873459873465
deeprm:p3_fgsm:SJF:0.0,19,32.481126373626374,45.02926173826174,12.548135364635364
deeprm:p3_fgsm:SJF:0.0,20,51.83238819513819,57.14422710622712,5.311838911088927
deeprm:p3_fgsm:SJF:0.0,21,27.679599067599064,42.4244592074592,14.744860139860137
deeprm:p3_fgsm:SJF:0.0,22,54.39017574092574,55.10587862137862,0.7157028804528807
deeprm:p3_fgsm:SJF:0.0,23,42.822308857808856,51.68036771561772,8.858058857808864
deeprm:p3_fgsm:SJF:0.0,24,37.81579212454212,42.07993098568099,4.264138861138868
deeprm:p3_fgsm:SJF:0.0,25,20.991091158841158,27.69515567765568,6.704064518814523
deeprm:p3_fgsm:SJF:0.0,26,12.187011488511489,15.065066849816851,2.8780553613053623
deeprm:p3_fgsm:SJF:0.0,27,39.65242932067932,38.74000591075591,-0.9124234099234059
deeprm:p3_fgsm:SJF:0.0,28,36.429593406593405,42.64778338328338,6.2181899766899775
deeprm:p3_fgsm:SJF:0.0,29,34.113194139194135,45.94029420579421,11.827100066600075
deeprm:p3_fgsm:Tetris*:0.01,0,44.84622069597069,67.58478554778554,22.73856485181485
deeprm:p3_fgsm:Tetris*:0.01,1,41.36949891774891,65.87566017316017,24.506161255411257
deeprm:p3_fgsm:Tetris*:0.01,2,39.391227355977364,68.60868548118547,29.21745812520811
deeprm:p3_fgsm:Tetris*:0.01,3,45.649323593073596,60.091639360639356,14.44231576756576
deeprm:p3_fgsm:Tetris*:0.01,4,31.15383175158175,50.30752006327007,19.153688311688317
deeprm:p3_fgsm:Tetris*:0.01,5,36.08962229437229,68.39299558774559,32.3033732933733
deeprm:p3_fgsm:Tetris*:0.01,6,22.471381701631703,41.80478238428238,19.33340068265068
deeprm:p3_fgsm:Tetris*:0.01,7,45.162101565101565,63.603686230436224,18.44158466533466
deeprm:p3_fgsm:Tetris*:0.01,8,26.341425491175496,51.02312021312022,24.681694721944726
deeprm:p3_fgsm:Tetris*:0.01,9,40.359851565101565,69.56870895770895,29.208857392607385
deeprm:p3_fgsm:Tetris*:0.01,10,22.494314019314018,54.173575674325676,31.679261655011658
deeprm:p3_fgsm:Tetris*:0.01,11,16.802559024309026,30.063120546120544,13.260561521811518
deeprm:p3_fgsm:Tetris*:0.01,12,40.44087187812188,62.57283183483184,22.131959956709956
deeprm:p3_fgsm:Tetris*:0.01,13,49.928887778887784,71.1335347985348,21.204647019647012
deeprm:p3_fgsm:Tetris*:0.01,14,32.39250666000666,53.86914735264736,21.4766406926407
deeprm:p3_fgsm:Tetris*:0.01,15,32.39829670329671,59.147081085581085,26.748784382284377
deeprm:p3_fgsm:Tetris*:0.01,16,33.051611555111556,62.71488636363637,29.66327480852481
deeprm:p3_fgsm:Tetris*:0.01,17,18.70250183150183,42.495925407925405,23.793423576423574
deeprm:p3_fgsm:Tetris*:0.01,18,58.58535805860805,85.88719713619713,27.30183907758908
deeprm:p3_fgsm:Tetris*:0.01,19,31.25794971694972,54.433687312687304,23.175737595737584
deeprm:p3_fgsm:Tetris*:0.01,20,48.41761105561105,72.6759850982351,24.258374042624055
deeprm:p3_fgsm:Tetris*:0.01,21,27.980237345987344,51.71534299034299,23.735105644355645
deeprm:p3_fgsm:Tetris*:0.01,22,53.97240725940726,80.75323792873793,26.78083066933067
deeprm:p3_fgsm:Tetris*:0.01,23,41.914313852813855,59.731751831501825,17.81743797868797
deeprm:p3_fgsm:Tetris*:0.01,24,38.5136774059274,61.345469447219436,22.831792041292033
deeprm:p3_fgsm:Tetris*:0.01,25,21.688844155844155,47.03315767565768,25.34431351981352
deeprm:p3_fgsm:Tetris*:0.01,26,11.106849567099566,31.510836746586747,20.40398717948718
deeprm:p3_fgsm:Tetris*:0.01,27,40.00393847818847,74.31861671661673,34.31467823842826
deeprm:p3_fgsm:Tetris*:0.01,28,37.214663086913085,74.75043514818516,37.53577206127208
deeprm:p3_fgsm:Tetris*:0.01,29,34.45052405927406,56.961522560772565,22.510998501498506
deeprm:p3_fgsm:SJF:0.01,0,44.84622069597069,39.152175657675656,-5.694045038295037
deeprm:p3_fgsm:SJF:0.01,1,41.36949891774891,40.1342002997003,-1.235298618048617
deeprm:p3_fgsm:SJF:0.01,2,39.391227355977364,45.96572610722611,6.574498751248747
deeprm:p3_fgsm:SJF:0.01,3,45.649323593073596,43.04584224109224,-2.603481351981358
deeprm:p3_fgsm:SJF:0.01,4,31.15383175158175,34.54387629037629,3.3900445387945375
deeprm:p3_fgsm:SJF:0.01,5,36.08962229437229,44.45495279720279,8.365330502830503
deeprm:p3_fgsm:SJF:0.01,6,22.471381701631703,25.93461455211455,3.4632328504828465
deeprm:p3_fgsm:SJF:0.01,7,45.162101565101565,54.489246503496496,9.32714493839493
deeprm:p3_fgsm:SJF:0.01,8,26.341425491175496,28.18643506493507,1.8450095737595724
deeprm:p3_fgsm:SJF:0.01,9,40.359851565101565,41.72643972693973,1.3665881618381661
deeprm:p3_fgsm:SJF:0.01,10,22.494314019314018,38.75474417249417,16.260430153180153
deeprm:p3_fgsm:SJF:0.01,11,16.802559024309026,24.865288211788215,8.062729187479189
deeprm:p3_fgsm:SJF:0.01,12,40.44087187812188,35.07460814185814,-5.36626373626374
deeprm:p3_fgsm:SJF:0.01,13,49.928887778887784,48.7708682983683,-1.158019480519485
deeprm:p3_fgsm:SJF:0.01,14,32.39250666000666,37.565319347319345,5.172812687312685
deeprm:p3_fgsm:SJF:0.01,15,32.39829670329671,37.42776831501831,5.029471611721604
deeprm:p3_fgsm:SJF:0.01,16,33.051611555111556,44.44072485847486,11.389113303363303
deeprm:p3_fgsm:SJF:0.01,17,18.70250183150183,29.03000058275058,10.32749875124875
deeprm:p3_fgsm:SJF:0.01,18,58.58535805860805,58.88275174825175,0.29739368964369817
deeprm:p3_fgsm:SJF:0.01,19,31.25794971694972,45.02926173826174,13.771312021312017
deeprm:p3_fgsm:SJF:0.01,20,48.41761105561105,57.14422710622712,8.726616050616073
deeprm:p3_fgsm:SJF:0.01,21,27.980237345987344,42.4244592074592,14.444221861471856
deeprm:p3_fgsm:SJF:0.01,22,53.97240725940726,55.10587862137862,1.1334713619713597
deeprm:p3_fgsm:SJF:0.01,23,41.914313852813855,51.68036771561772,9.766053862803865
deeprm:p3_fgsm:SJF:0.01,24,38.5136774059274,42.07993098568099,3.5662535797535853
deeprm:p3_fgsm:SJF:0.01,25,21.688844155844155,27.69515567765568,6.006311521811526
deeprm:p3_fgsm:SJF:0.01,26,11.106849567099566,15.065066849816851,3.9582172827172855
deeprm:p3_fgsm:SJF:0.01,27,40.00393847818847,38.74000591075591,-1.2639325674325619
deeprm:p3_fgsm:SJF:0.01,28,37.214663086913085,42.64778338328338,5.433120296370298
deeprm:p3_fgsm:SJF:0.01,29,34.45052405927406,45.94029420579421,11.48977014652015
deeprm:p3_fgsm:Tetris*:0.02,0,43.94339285714286,67.58478554778554,23.641392690642682
deeprm:p3_fgsm:Tetris*:0.02,1,42.436020646020644,65.87566017316017,23.439639527139526
deeprm:p3_fgsm:Tetris*:0.02,2,44.214564352314355,68.60868548118547,24.39412112887112
deeprm:p3_fgsm:Tetris*:0.02,3,43.00312279387279,60.091639360639356,17.088516566766565
deeprm:p3_fgsm:Tetris*:0.02,4,25.517014985014985,50.30752006327007,24.790505078255084
deeprm:p3_fgsm:Tetris*:0.02,5,33.99937479187479,68.39299558774559,34.393620795870795
deeprm:p3_fgsm:Tetris*:0.02,6,19.964007242757244,41.80478238428238,21.84077514152514
deeprm:p3_fgsm:Tetris*:0.02,7,40.691919663669665,63.603686230436224,22.91176656676656
deeprm:p3_fgsm:Tetris*:0.02,8,22.13009457209457,51.02312021312022,28.893025641025652
deeprm:p3_fgsm:Tetris*:0.02,9,40.20394505494506,69.56870895770895,29.36476390276389
deeprm:p3_fgsm:Tetris*:0.02,10,26.710810855810852,54.173575674325676,27.462764818514824
deeprm:p3_fgsm:Tetris*:0.02,11,17.76954603729604,30.063120546120544,12.293574508824506
deeprm:p3_fgsm:Tetris*:0.02,12,31.3860670995671,62.57283183483184,31.186764735264738
deeprm:p3_fgsm:Tetris*:0.02,13,48.13202830502831,71.1335347985348,23.00150649350649
deeprm:p3_fgsm:Tetris*:0.02,14,31.284623959373956,53.86914735264736,22.584523393273404
deeprm:p3_fgsm:Tetris*:0.02,15,33.224162337662335,59.147081085581085,25.92291874791875
deeprm:p3_fgsm:Tetris*:0.02,16,34.02185306360306,62.71488636363637,28.693033300033306
deeprm:p3_fgsm:Tetris*:0.02,17,19.462567266067264,42.495925407925405,23.03335814185814
deeprm:p3_fgsm:Tetris*:0.02,18,57.18378721278721,85.88719713619713,28.70340992340992
deeprm:p3_fgsm:Tetris*:0.02,19,34.230027139527145,54.433687312687304,20.20366017316016
deeprm:p3_fgsm:Tetris*:0.02,20,45.13018456543457,72.6759850982351,27.545800532800534
deeprm:p3_fgsm:Tetris*:0.02,21,30.81924309024309,51.71534299034299,20.896099900099898
deeprm:p3_fgsm:Tetris*:0.02,22,53.042033050283045,80.75323792873793,27.711204878454886
deeprm:p3_fgsm:Tetris*:0.02,23,49.32568248418249,59.731751831501825,10.406069347319338
deeprm:p3_fgsm:Tetris*:0.02,24,37.44116158841159,61.345469447219436,23.904307858807847
deeprm:p3_fgsm:Tetris*:0.02,25,20.68650382950383,47.03315767565768,26.346653846153846
deeprm:p3_fgsm:Tetris*:0.02,26,11.757726107226109,31.510836746586747,19.75311063936064
deeprm:p3_fgsm:Tetris*:0.02,27,39.588639610389606,74.31861671661673,34.729977106227125
deeprm:p3_fgsm:Tetris*:0.02,28,36.93793523143523,74.75043514818516,37.81249991674993
deeprm:p3_fgsm:Tetris*:0.02,29,38.24003305028305,56.961522560772565,18.721489510489512
deeprm:p3_fgsm:SJF:0.02,0,43.94339285714286,39.152175657675656,-4.791217199467205
deeprm:p3_fgsm:SJF:0.02,1,42.436020646020644,40.1342002997003,-2.3018203463203477
deeprm:p3_fgsm:SJF:0.02,2,44.214564352314355,45.96572610722611,1.751161754911756
deeprm:p3_fgsm:SJF:0.02,3,43.00312279387279,43.04584224109224,0.042719447219447204
deeprm:p3_fgsm:SJF:0.02,4,25.517014985014985,34.54387629037629,9.026861305361304
deeprm:p3_fgsm:SJF:0.02,5,33.99937479187479,44.45495279720279,10.455578005328
deeprm:p3_fgsm:SJF:0.02,6,19.964007242757244,25.93461455211455,5.970607309357305
deeprm:p3_fgsm:SJF:0.02,7,40.691919663669665,54.489246503496496,13.79732683982683
deeprm:p3_fgsm:SJF:0.02,8,22.13009457209457,28.18643506493507,6.056340492840498
deeprm:p3_fgsm:SJF:0.02,9,40.20394505494506,41.72643972693973,1.5224946719946715
deeprm:p3_fgsm:SJF:0.02,10,26.710810855810852,38.75474417249417,12.043933316683319
deeprm:p3_fgsm:SJF:0.02,11,17.76954603729604,24.865288211788215,7.095742174492177
deeprm:p3_fgsm:SJF:0.02,12,31.3860670995671,35.07460814185814,3.6885410422910425
deeprm:p3_fgsm:SJF:0.02,13,48.13202830502831,48.7708682983683,0.6388399933399924
deeprm:p3_fgsm:SJF:0.02,14,31.284623959373956,37.565319347319345,6.280695387945389
deeprm:p3_fgsm:SJF:0.02,15,33.224162337662335,37.42776831501831,4.203605977355977
deeprm:p3_fgsm:SJF:0.02,16,34.02185306360306,44.44072485847486,10.418871794871798
deeprm:p3_fgsm:SJF:0.02,17,19.462567266067264,29.03000058275058,9.567433316683317
deeprm:p3_fgsm:SJF:0.02,18,57.18378721278721,58.88275174825175,1.6989645354645404
deeprm:p3_fgsm:SJF:0.02,19,34.230027139527145,45.02926173826174,10.799234598734593
deeprm:p3_fgsm:SJF:0.02,20,45.13018456543457,57.14422710622712,12.014042540792552
deeprm:p3_fgsm:SJF:0.02,21,30.81924309024309,42.4244592074592,11.60521611721611
deeprm:p3_fgsm:SJF:0.02,22,53.042033050283045,55.10587862137862,2.0638455710955768
deeprm:p3_fgsm:SJF:0.02,23,49.32568248418249,51.68036771561772,2.3546852314352336
deeprm:p3_fgsm:SJF:0.02,24,37.44116158841159,42.07993098568099,4.6387693972693995
deeprm:p3_fgsm:SJF:0.02,25,20.68650382950383,27.69515567765568,7.00865184815185
deeprm:p3_fgsm:SJF:0.02,26,11.757726107226109,15.065066849816851,3.3073407425907426
deeprm:p3_fgsm:SJF:0.02,27,39.588639610389606,38.74000591075591,-0.8486336996336945
deeprm:p3_fgsm:SJF:0.02,28,36.93793523143523,42.64778338328338,5.709848151848149
deeprm:p3_fgsm:SJF:0.02,29,38.24003305028305,45.94029420579421,7.700261155511157
deeprm:p3_fgsm:Tetris*:0.05,0,44.76786804861805,67.58478554778554,22.816917499167495
deeprm:p3_fgsm:Tetris*:0.05,1,42.36240426240426,65.87566017316017,23.51325591075591
deeprm:p3_fgsm:Tetris*:0.05,2,46.71973643023642,68.60868548118547,21.88894905094905
deeprm:p3_fgsm:Tetris*:0.05,3,47.02043006993007,60.091639360639356,13.071209290709284
deeprm:p3_fgsm:Tetris*:0.05,4,28.786874125874125,50.30752006327007,21.520645937395944
deeprm:p3_fgsm:Tetris*:0.05,5,37.120757409257415,68.39299558774559,31.272238178488173
deeprm:p3_fgsm:Tetris*:0.05,6,18.264359057609056,41.80478238428238,23.540423326673327
deeprm:p3_fgsm:Tetris*:0.05,7,42.47719164169164,63.603686230436224,21.126494588744585
deeprm:p3_fgsm:Tetris*:0.05,8,26.979132867132872,51.02312021312022,24.04398734598735
deeprm:p3_fgsm:Tetris*:0.05,9,42.72231035631035,69.56870895770895,26.846398601398597
deeprm:p3_fgsm:Tetris*:0.05,10,21.743052863802863,54.173575674325676,32.43052281052282
deeprm:p3_fgsm:Tetris*:0.05,11,20.36619821844822,30.063120546120544,9.696922327672326
deeprm:p3_fgsm:Tetris*:0.05,12,34.760264735264734,62.57283183483184,27.812567099567104
deeprm:p3_fgsm:Tetris*:0.05,13,44.86503296703297,71.1335347985348,26.26850183150183
deeprm:p3_fgsm:Tetris*:0.05,14,33.21196986346986,53.86914735264736,20.6571774891775
deeprm:p3_fgsm:Tetris*:0.05,15,32.69799617049617,59.147081085581085,26.449084915084917
deeprm:p3_fgsm:Tetris*:0.05,16,40.791036796536794,62.71488636363637,21.923849567099573
deeprm:p3_fgsm:Tetris*:0.05,17,18.4741476023976,42.495925407925405,24.021777805527805
deeprm:p3_fgsm:Tetris*:0.05,18,58.396299284049284,85.88719713619713,27.490897852147846
deeprm:p3_fgsm:Tetris*:0.05,19,33.25079220779221,54.433687312687304,21.182895104895096
deeprm:p3_fgsm:Tetris*:0.05,20,47.83472635697636,72.6759850982351,24.84125874125874
deeprm:p3_fgsm:Tetris*:0.05,21,29.600267149517148,51.71534299034299,22.115075840825842
deeprm:p3_fgsm:Tetris*:0.05,22,54.04053746253746,80.75323792873793,26.712700466200474
deeprm:p3_fgsm:Tetris*:0.05,23,41.56650732600733,59.731751831501825,18.165244505494492
deeprm:p3_fgsm:Tetris*:0.05,24,39.861090825840826,61.345469447219436,21.48437862137861
deeprm:p3_fgsm:Tetris*:0.05,25,22.500390775890775,47.03315767565768,24.5327668997669
deeprm:p3_fgsm:Tetris*:0.05,26,13.15332176157176,31.510836746586747,18.357514985014987
deeprm:p3_fgsm:Tetris*:0.05,27,40.680915168165164,74.31861671661673,33.63770154845157
deeprm:p3_fgsm:Tetris*:0.05,28,45.20542307692308,74.75043514818516,29.54501207126208
deeprm:p3_fgsm:Tetris*:0.05,29,36.86011138861139,56.961522560772565,20.10141117216118
deeprm:p3_fgsm:SJF:0.05,0,44.76786804861805,39.152175657675656,-5.615692390942392
deeprm:p3_fgsm:SJF:0.05,1,42.36240426240426,40.1342002997003,-2.228203962703965
deeprm:p3_fgsm:SJF:0.05,2,46.71973643023642,45.96572610722611,-0.7540103230103128
deeprm:p3_fgsm:SJF:0.05,3,47.02043006993007,43.04584224109224,-3.9745878288378336
deeprm:p3_fgsm:SJF:0.05,4,28.786874125874125,34.54387629037629,5.757002164502165
deeprm:p3_fgsm:SJF:0.05,5,37.120757409257415,44.45495279720279,7.334195387945378
deeprm:p3_fgsm:SJF:0.05,6,18.264359057609056,25.93461455211455,7.6702554945054935
deeprm:p3_fgsm:SJF:0.05,7,42.47719164169164,54.489246503496496,12.012054861804856
deeprm:p3_fgsm:SJF:0.05,8,26.979132867132872,28.18643506493507,1.2073021978021963
deeprm:p3_fgsm:SJF:0.05,9,42.72231035631035,41.72643972693973,-0.9958706293706214
deeprm:p3_fgsm:SJF:0.05,10,21.743052863802863,38.75474417249417,17.011691308691308
deeprm:p3_fgsm:SJF:0.05,11,20.36619821844822,24.865288211788215,4.499089993339997
deeprm:p3_fgsm:SJF:0.05,12,34.760264735264734,35.07460814185814,0.31434340659340876
deeprm:p3_fgsm:SJF:0.05,13,44.86503296703297,48.7708682983683,3.9058353313353322
deeprm:p3_fgsm:SJF:0.05,14,33.21196986346986,37.565319347319345,4.353349483849485
deeprm:p3_fgsm:SJF:0.05,15,32.69799617049617,37.42776831501831,4.729772144522144
deeprm:p3_fgsm:SJF:0.05,16,40.791036796536794,44.44072485847486,3.6496880619380647
deeprm:p3_fgsm:SJF:0.05,17,18.4741476023976,29.03000058275058,10.55585298035298
deeprm:p3_fgsm:SJF:0.05,18,58.396299284049284,58.88275174825175,0.4864524642024648
deeprm:p3_fgsm:SJF:0.05,19,33.25079220779221,45.02926173826174,11.778469530469529
deeprm:p3_fgsm:SJF:0.05,20,47.83472635697636,57.14422710622712,9.309500749250759
deeprm:p3_fgsm:SJF:0.05,21,29.600267149517148,42.4244592074592,12.824192057942053
deeprm:p3_fgsm:SJF:0.05,22,54.04053746253746,55.10587862137862,1.0653411588411643
deeprm:p3_fgsm:SJF:0.05,23,41.56650732600733,51.68036771561772,10.113860389610387
deeprm:p3_fgsm:SJF:0.05,24,39.861090825840826,42.07993098568099,2.2188401598401626
deeprm:p3_fgsm:SJF:0.05,25,22.500390775890775,27.69515567765568,5.194764901764906
deeprm:p3_fgsm:SJF:0.05,26,13.15332176157176,15.065066849816851,1.911745088245091
deeprm:p3_fgsm:SJF:0.05,27,40.680915168165164,38.74000591075591,-1.9409092574092526
deeprm:p3_fgsm:SJF:0.05,28,45.20542307692308,42.64778338328338,-2.5576396936397003
deeprm:p3_fgsm:SJF:0.05,29,36.86011138861139,45.94029420579421,9.080182817182823
deeprm:p3_fgsm:Tetris*:0.1,0,48.77883083583083,67.58478554778554,18.805954711954712
deeprm:p3_fgsm:Tetris*:0.1,1,42.0354358974359,65.87566017316017,23.840224275724267
deeprm:p3_fgsm:Tetris*:0.1,2,45.47597968697969,68.60868548118547,23.132705794205783
deeprm:p3_fgsm:Tetris*:0.1,3,50.80909074259074,60.091639360639356,9.282548618048615
deeprm:p3_fgsm:Tetris*:0.1,4,30.86230219780219,50.30752006327007,19.44521786546788
deeprm:p3_fgsm:Tetris*:0.1,5,39.60224975024975,68.39299558774559,28.79074583749584
deeprm:p3_fgsm:Tetris*:0.1,6,22.418296620046622,41.80478238428238,19.38648576423576
deeprm:p3_fgsm:Tetris*:0.1,7,48.54538553113554,63.603686230436224,15.058300699300688
deeprm:p3_fgsm:Tetris*:0.1,8,24.329810772560773,51.02312021312022,26.69330944055945
deeprm:p3_fgsm:Tetris*:0.1,9,44.964063436563436,69.56870895770895,24.604645521145514
deeprm:p3_fgsm:Tetris*:0.1,10,28.049409423909424,54.173575674325676,26.124166250416252
deeprm:p3_fgsm:Tetris*:0.1,11,17.491350815850815,30.063120546120544,12.571769730269729
deeprm:p3_fgsm:Tetris*:0.1,12,36.46896328671329,62.57283183483184,26.103868548118548
deeprm:p3_fgsm:Tetris*:0.1,13,54.005761322011324,71.1335347985348,17.127773476523473
deeprm:p3_fgsm:Tetris*:0.1,14,36.7692514985015,53.86914735264736,17.099895854145863
deeprm:p3_fgsm:Tetris*:0.1,15,41.75723667998668,59.147081085581085,17.389844405594403
deeprm:p3_fgsm:Tetris*:0.1,16,40.767259906759904,62.71488636363637,21.947626456876463
deeprm:p3_fgsm:Tetris*:0.1,17,21.661420496170493,42.495925407925405,20.834504911754912
deeprm:p3_fgsm:Tetris*:0.1,18,68.2386361971362,85.88719713619713,17.64856093906093
deeprm:p3_fgsm:Tetris*:0.1,19,39.339257659007664,54.433687312687304,15.09442965367964
deeprm:p3_fgsm:Tetris*:0.1,20,48.670463286713286,72.6759850982351,24.005521811521817
deeprm:p3_fgsm:Tetris*:0.1,21,31.5366302031302,51.71534299034299,20.17871278721279
deeprm:p3_fgsm:Tetris*:0.1,22,54.655966699966704,80.75323792873793,26.097271228771227
deeprm:p3_fgsm:Tetris*:0.1,23,47.44454845154844,59.731751831501825,12.287203379953382
deeprm:p3_fgsm:Tetris*:0.1,24,39.607220779220775,61.345469447219436,21.73824866799866
deeprm:p3_fgsm:Tetris*:0.1,25,23.981902097902097,47.03315767565768,23.05125557775558
deeprm:p3_fgsm:Tetris*:0.1,26,14.948496586746584,31.510836746586747,16.56234015984016
deeprm:p3_fgsm:Tetris*:0.1,27,38.77938103563103,74.31861671661673,35.5392356809857
deeprm:p3_fgsm:Tetris*:0.1,28,45.12986896436896,74.75043514818516,29.6205661838162
deeprm:p3_fgsm:Tetris*:0.1,29,37.58879154179154,56.961522560772565,19.37273101898103
deeprm:p3_fgsm:SJF:0.1,0,48.77883083583083,39.152175657675656,-9.626655178155175
deeprm:p3_fgsm:SJF:0.1,1,42.0354358974359,40.1342002997003,-1.9012355977356066
deeprm:p3_fgsm:SJF:0.1,2,45.47597968697969,45.96572610722611,0.48974642024641923
deeprm:p3_fgsm:SJF:0.1,3,50.80909074259074,43.04584224109224,-7.763248501498502
deeprm:p3_fgsm:SJF:0.1,4,30.86230219780219,34.54387629037629,3.681574092574099
deeprm:p3_fgsm:SJF:0.1,5,39.60224975024975,44.45495279720279,4.852703046953046
deeprm:p3_fgsm:SJF:0.1,6,22.418296620046622,25.93461455211455,3.5163179320679276
deeprm:p3_fgsm:SJF:0.1,7,48.54538553113554,54.489246503496496,5.943860972360959
deeprm:p3_fgsm:SJF:0.1,8,24.329810772560773,28.18643506493507,3.8566242923742955
deeprm:p3_fgsm:SJF:0.1,9,44.964063436563436,41.72643972693973,-3.237623709623705
deeprm:p3_fgsm:SJF:0.1,10,28.049409423909424,38.75474417249417,10.705334748584747
deeprm:p3_fgsm:SJF:0.1,11,17.491350815850815,24.865288211788215,7.3739373959374
deeprm:p3_fgsm:SJF:0.1,12,36.46896328671329,35.07460814185814,-1.3943551448551474
deeprm:p3_fgsm:SJF:0.1,13,54.005761322011324,48.7708682983683,-5.234893023643025
deeprm:p3_fgsm:SJF:0.1,14,36.7692514985015,37.565319347319345,0.7960678488178488
deeprm:p3_fgsm:SJF:0.1,15,41.75723667998668,37.42776831501831,-4.3294683649683705
deeprm:p3_fgsm:SJF:0.1,16,40.767259906759904,44.44072485847486,3.673464951714955
deeprm:p3_fgsm:SJF:0.1,17,21.661420496170493,29.03000058275058,7.368580086580089
deeprm:p3_fgsm:SJF:0.1,18,68.2386361971362,58.88275174825175,-9.355884448884453
deeprm:p3_fgsm:SJF:0.1,19,39.339257659007664,45.02926173826174,5.690004079254074
deeprm:p3_fgsm:SJF:0.1,20,48.670463286713286,57.14422710622712,8.473763819513835
deeprm:p3_fgsm:SJF:0.1,21,31.5366302031302,42.4244592074592,10.887829004329
deeprm:p3_fgsm:SJF:0.1,22,54.655966699966704,55.10587862137862,0.4499119214119176
deeprm:p3_fgsm:SJF:0.1,23,47.44454845154844,51.68036771561772,4.235819264069278
deeprm:p3_fgsm:SJF:0.1,24,39.607220779220775,42.07993098568099,2.4727102064602136
deeprm:p3_fgsm:SJF:0.1,25,23.981902097902097,27.69515567765568,3.7132535797535837
deeprm:p3_fgsm:SJF:0.1,26,14.948496586746584,15.065066849816851,0.11657026307026719
deeprm:p3_fgsm:SJF:0.1,27,38.77938103563103,38.74000591075591,-0.039375124875121514
deeprm:p3_fgsm:SJF:0.1,28,45.12986896436896,42.64778338328338,-2.4820855810855775
deeprm:p3_fgsm:SJF:0.1,29,37.58879154179154,45.94029420579421,8.351502664002673
