lambda,exp,seed,dynamic_partition_mean_jct,decima_mean_jct,delta_dynamic_partition_minus_decima
0.0,0,10000000,77619.35323383084,73143.42288557214,4475.930348258698
0.0,1,10000001,54406.338308457714,53253.69651741294,1152.641791044778
0.0,2,10000002,78427.50248756219,78342.71641791044,84.78606965174549
0.0,3,10000003,45420.019900497515,44540.77611940299,879.2437810945266
0.0,4,10000004,47501.592039801,48174.94029850746,-673.3482587064645
0.0,5,10000005,77522.85074626865,79072.11940298507,-1549.26865671642
0.0,6,10000006,53599.99004975124,52666.522388059704,933.4676616915385
0.0,7,10000007,63349.49253731343,61974.47263681592,1375.0199004975148
0.0,8,10000008,49143.30845771144,46599.48756218905,2543.820895522389
0.0,9,10000009,100104.54228855722,89567.21393034825,10537.328358208964
0.0,10,10000010,84669.65671641791,77354.35323383084,7315.303482587071
0.0,11,10000011,56220.86069651741,56542.31343283582,-321.45273631840973
0.0,12,10000012,60453.32338308458,59841.706467661694,611.6169154228846
0.0,13,10000013,69973.05472636817,68287.75621890547,1685.2985074626922
0.0,14,10000014,55783.930348258706,52902.114427860695,2881.8159203980103
0.0,15,10000015,74606.03980099503,70833.815920398,3772.2238805970264
0.0,16,10000016,50632.616915422885,48884.25870646766,1748.358208955222
0.0,17,10000017,60192.78606965174,56707.42288557214,3485.3631840796006
0.0,18,10000018,67585.31343283581,69132.94527363183,-1547.6318407960207
0.0,19,10000019,67132.68159203981,61574.51243781095,5558.169154228861
0.0,20,10000020,54581.85572139303,50994.35323383084,3587.5024875621893
0.0,21,10000021,65942.34328358209,67721.74129353234,-1779.3980099502514
0.0,22,10000022,79811.49751243781,76966.7512437811,2844.746268656716
0.0,23,10000023,49477.77611940299,49456.30845771144,21.4676616915458
0.0,24,10000024,81871.50248756219,77329.31840796019,4542.184079601997
0.0,25,10000025,45887.99004975124,44462.164179104475,1425.8258706467677
0.0,26,10000026,77985.95024875621,73997.05970149254,3988.890547263669
0.0,27,10000027,50104.114427860695,49989.65671641791,114.45771144278842
0.0,28,10000028,80854.10447761194,77291.02985074627,3563.074626865666
0.0,29,10000029,62864.567164179105,62676.46268656717,188.1044776119379
0.25,0,10000000,214290.50012854143,214575.0464628874,-284.54633434597054
0.25,1,10000001,125116.85717146078,130342.5809135265,-5225.723742065718
0.25,2,10000002,219400.3501870979,216695.66167774002,2704.6885093578894
0.25,3,10000003,88321.11160172195,105013.21155594126,-16692.099954219317
0.25,4,10000004,101670.12843532846,124395.6267393557,-22725.49830402725
0.25,5,10000005,298460.5173949945,288195.9396091528,10264.577785841713
0.25,6,10000006,140838.20390506915,146428.44787216414,-5590.2439670949825
0.25,7,10000007,172560.25978308197,213053.18159504925,-40492.92181196727
0.25,8,10000008,100360.81865209705,111387.82994943656,-11027.011297339515
0.25,9,10000009,318392.6447156526,295036.21317653434,23356.43153911829
0.25,10,10000010,329230.1373694972,302107.49401333067,27122.643356166547
0.25,11,10000011,119382.67519697477,141272.58010122168,-21889.904904246912
0.25,12,10000012,149765.2260466521,184628.39541820437,-34863.16937155227
0.25,13,10000013,209913.07389654175,239356.64381113686,-29443.569914595108
0.25,14,10000014,122700.46213853273,127099.61401351939,-4399.151874986652
0.25,15,10000015,181078.04162181137,174790.37571060687,6287.665911204502
0.25,16,10000016,118495.7511152865,133082.05369057044,-14586.302575283931
0.25,17,10000017,132758.50636146084,149924.31537665063,-17165.809015189792
0.25,18,10000018,178974.06484295265,213092.67242491734,-34118.607581964694
0.25,19,10000019,203900.79352601792,215093.72977161812,-11192.936245600198
0.25,20,10000020,109911.88511912903,133885.0265078381,-23973.141388709075
0.25,21,10000021,153053.85113123848,162655.94827863725,-9602.097147398774
0.25,22,10000022,227790.6061882173,270194.84813550796,-42404.24194729066
0.25,23,10000023,108530.64473972462,127334.70085122605,-18804.056111501428
0.25,24,10000024,289611.9737004406,262949.24308769754,26662.730612743064
0.25,25,10000025,99090.78032390606,118424.68752312669,-19333.90719922063
0.25,26,10000026,173772.32058370335,193174.85899084414,-19402.53840714079
0.25,27,10000027,114733.02103926681,151703.24835247314,-36970.22731320633
0.25,28,10000028,233884.41768254843,273394.25269574684,-39509.835013198404
0.25,29,10000029,136247.46744936364,152097.59878990852,-15850.131340544875
0.5,0,10000000,729060.6591900913,528833.1350000447,200227.5241900466
0.5,1,10000001,324075.6325802515,341437.42792190064,-17361.79534164915
0.5,2,10000002,739419.3221615392,582099.9741112236,157319.34805031563
0.5,3,10000003,205214.30983406142,273894.92343932093,-68680.61360525951
0.5,4,10000004,439162.03745905746,424950.03464345314,14212.002815604326
0.5,5,10000005,1002571.3958672414,672472.441951795,330098.9539154464
0.5,6,10000006,436654.4948482849,381298.9631527286,55355.5316955563
0.5,7,10000007,749728.2031175249,527423.4883262516,222304.71479127323
0.5,8,10000008,229783.07546348314,240214.9933149865,-10431.917851503356
0.5,9,10000009,1004152.5575234886,635244.1516472612,368908.4058762274
0.5,10,10000010,1049280.4652895164,683825.5394182601,365454.9258712563
0.5,11,10000011,457902.54267890996,403635.8690852338,54266.67359367618
0.5,12,10000012,568702.184942306,467680.0932712565,101022.09167104954
0.5,13,10000013,789407.5789695156,582761.302723626,206646.2762458896
0.5,14,10000014,327490.1408523998,331228.69551117066,-3738.5546587708523
0.5,15,10000015,501572.81248691195,427365.47587242315,74207.3366144888
0.5,16,10000016,352973.10727612465,363967.36862292484,-10994.261346800195
0.5,17,10000017,463848.4164511624,417783.1226426093,46065.293808553135
0.5,18,10000018,736497.5649419496,566760.7987026798,169736.76623926975
0.5,19,10000019,744088.7806097426,588626.0972648131,155462.68334492948
0.5,20,10000020,363428.92190921976,361925.1847970705,1503.737112149247
0.5,21,10000021,406430.01085497194,399536.80242892646,6893.208426045487
0.5,22,10000022,895608.611489957,643376.0453728004,252232.56611715653
0.5,23,10000023,339962.15142718266,360783.7280100032,-20821.576582820562
0.5,24,10000024,859099.8776681748,654128.1672054346,204971.71046274016
0.5,25,10000025,245443.17009547443,307525.76080008957,-62082.59070461514
0.5,26,10000026,625869.7160852195,549157.925017178,76711.79106804158
0.5,27,10000027,461812.02077013056,403702.9973129541,58109.02345717646
0.5,28,10000028,894061.0329069513,604968.71902736,289092.3138795913
0.5,29,10000029,386408.3367209531,377819.11095792486,8589.225763028255
1.0,0,10000000,2306896.1308621443,1493894.9396272423,813001.191234902
1.0,1,10000001,1716340.737133067,1226177.499789893,490163.2373431742
1.0,2,10000002,2334137.8221094646,1538658.9664029535,795478.8557065111
1.0,3,10000003,1626538.1760486008,1214817.2656001295,411720.9104484713
1.0,4,10000004,2058692.9678836032,1376905.333776639,681787.6341069641
1.0,5,10000005,2653255.616629578,1671458.1056259489,981797.5110036293
1.0,6,10000006,1839614.870963111,1199724.8463305559,639890.0246325552
1.0,7,10000007,2356489.151560602,1464410.8289447636,892078.3226158381
1.0,8,10000008,1456365.2652144018,1067549.6757473873,388815.5894670144
1.0,9,10000009,2603091.3099974445,1593105.7162746144,1009985.5937228301
1.0,10,10000010,2702775.3784072143,1641337.5967020066,1061437.7817052077
1.0,11,10000011,1998587.4112194865,1241967.700964139,756619.7102553474
1.0,12,10000012,2147661.153192612,1440328.857781868,707332.2954107439
1.0,13,10000013,2261822.123142877,1389495.036132077,872327.0870108001
1.0,14,10000014,1795089.028814108,1194668.0167687968,600421.0120453113
1.0,15,10000015,1916073.4394758786,1305567.0514197238,610506.3880561548
1.0,16,10000016,1820878.741046308,1277805.9866776303,543072.7543686777
1.0,17,10000017,1961921.669355829,1341377.0995380091,620544.5698178199
1.0,18,10000018,2423723.7008311227,1512112.2336284313,911611.4672026914
1.0,19,10000019,2457142.5799813094,1621487.2969152178,835655.2830660916
1.0,20,10000020,1829267.459725018,1277539.2892504733,551728.1704745446
1.0,21,10000021,1902778.0875445271,1308397.3210864929,594380.7664580343
1.0,22,10000022,2611165.1062899055,1690112.1079963434,921052.9982935621
1.0,23,10000023,1950870.411187725,1334620.2662332153,616250.1449545096
1.0,24,10000024,2616426.6630553785,1781658.8355566482,834767.8274987303
1.0,25,10000025,1794146.5443067467,1299295.0391012658,494851.50520548085
1.0,26,10000026,2247544.0970945014,1524444.1743336741,723099.9227608272
1.0,27,10000027,1816463.409427189,1241290.709154685,575172.700272504
1.0,28,10000028,2552721.6009143717,1626981.4490861923,925740.1518281794
1.0,29,10000029,1881432.068971355,1284100.9397897753,597331.1291815797
1.5,0,10000000,3937155.2405067384,2673636.82477241,1263518.4157343283
1.5,1,10000001,3269514.299413232,2417296.528442051,852217.7709711813
1.5,2,10000002,3919515.314537822,2736153.023357903,1183362.2911799187
1.5,3,10000003,3262805.466285459,2542146.8292630794,720658.6370223798
1.5,4,10000004,3698536.54336417,2617418.7599925227,1081117.7833716474
1.5,5,10000005,4368390.920677207,2883182.567354436,1485208.3533227714
1.5,6,10000006,3323045.206763951,2246013.7273525125,1077031.4794114386
1.5,7,10000007,4043140.733106256,2714933.6751993736,1328207.0579068824
1.5,8,10000008,3119029.5556993717,2090388.52097126,1028641.0347281117
1.5,9,10000009,4273347.687212444,2693139.027008113,1580208.660204331
1.5,10,10000010,4387534.414150301,2845919.9854759634,1541614.428674338
1.5,11,10000011,3538522.522983954,2357922.055062458,1180600.467921496
1.5,12,10000012,3828041.788760099,2569729.746088947,1258312.042671152
1.5,13,10000013,3893774.940542611,2531850.093274299,1361924.8472683118
1.5,14,10000014,3334491.9655896267,2483200.873211133,851291.0923784939
1.5,15,10000015,3466061.767030143,2497671.1952985795,968390.5717315637
1.5,16,10000016,3397188.8429378183,2473225.1816588105,923963.6612790078
1.5,17,10000017,3529684.374265092,2493640.789748783,1036043.5845163087
1.5,18,10000018,4085139.662170963,2633478.183905755,1451661.4782652077
1.5,19,10000019,4086562.8656068267,2902683.0219624303,1183879.8436443964
1.5,20,10000020,3343734.945649678,2523119.893285339,820615.0523643387
1.5,21,10000021,3429255.8160257083,2451288.327512781,977967.4885129272
1.5,22,10000022,4341472.115478951,3032140.6301407614,1309331.4853381892
1.5,23,10000023,3569490.197062541,2686675.865553436,882814.3315091049
1.5,24,10000024,4446816.146086834,3178730.3047715584,1268085.841315276
1.5,25,10000025,3363091.881580768,2493940.3858962893,869151.4956844789
1.5,26,10000026,3873966.6166608855,2783841.3409236316,1090125.275737254
1.5,27,10000027,3298851.561205831,2465093.8880810286,833757.6731248023
1.5,28,10000028,4283071.828329253,3033826.037395655,1249245.7909335978
1.5,29,10000029,3553049.359546251,2442806.262442633,1110243.097103618
2.0,0,10000000,5607606.219630873,3990313.791487735,1617292.4281431376
2.0,1,10000001,4816431.240735986,3842308.2329474455,974123.0077885408
2.0,2,10000002,5568624.498745264,4016921.6448656255,1551702.853879638
2.0,3,10000003,4870637.681538705,3931333.007900364,939304.6736383406
2.0,4,10000004,5278416.258053499,4058734.163978288,1219682.0940752113
2.0,5,10000005,6006664.785099636,4197358.746099306,1809306.0390003296
2.0,6,10000006,4924498.32231776,3502087.237708911,1422411.0846088496
2.0,7,10000007,5717194.327919931,4028083.986581647,1689110.3413382843
2.0,8,10000008,4771061.712785876,3275776.563658474,1495285.1491274023
2.0,9,10000009,5841700.4891565,3906152.497227412,1935547.9919290883
2.0,10,10000010,6078368.397398719,4124933.9588042363,1953434.4385944824
2.0,11,10000011,5134389.843990734,3507099.5150881857,1627290.3289025482
2.0,12,10000012,5450943.454389606,3820761.0310441754,1630182.4233454303
2.0,13,10000013,5494482.372214329,3739817.8649482126,1754664.5072661168
2.0,14,10000014,4933716.40031691,3839400.4275601776,1094315.9727567323
2.0,15,10000015,5069276.503585672,3788591.1287241364,1280685.3748615356
2.0,16,10000016,4982510.003158444,3749445.6920822966,1233064.311076147
2.0,17,10000017,5202789.031763506,3695207.691932944,1507581.339830562
2.0,18,10000018,5761273.132087608,3868326.831667722,1892946.3004198857
2.0,19,10000019,5732145.89795051,4243954.757198122,1488191.1407523872
2.0,20,10000020,4860854.424540766,3849500.2340535205,1011354.1904872451
2.0,21,10000021,5008375.863953028,3736701.4979149583,1271674.3660380696
2.0,22,10000022,6022451.824399545,4390518.573162648,1631933.251236897
2.0,23,10000023,5168170.468890935,4030266.088791094,1137904.3800998414
2.0,24,10000024,6274312.721123014,4727051.59849411,1547261.122628904
2.0,25,10000025,4995904.296094321,3779051.998780311,1216852.2973140096
2.0,26,10000026,5484417.014146881,4058448.9166130912,1425968.09753379
2.0,27,10000027,4787446.814030187,3773310.672524459,1014136.141505728
2.0,28,10000028,6062510.138941499,4469128.77647038,1593381.3624711195
2.0,29,10000029,5184074.632736634,3806502.6521494216,1377571.9805872128
