curve,magnitude,window_index,offset,rossi_total_cost,comparator_total_cost,delta_comparator_minus_rossi
p1_threshold,0,0,12003,218.3743,130.131,-88.2433
p1_threshold,0,1,28007,193.74349999999998,110.05199999999999,-83.69149999999999
p1_threshold,0,2,36009,201.1453,118.665,-82.48029999999999
p1_threshold,0,3,56014,199.1798,104.571,-94.6088
p1_threshold,0,4,60015,216.89069999999998,122.499,-94.39169999999999
p1_threshold,0,5,76019,207.0815,126.53099999999998,-80.55050000000003
p1_threshold,0,6,84021,229.52589999999998,140.32799999999997,-89.1979
p1_threshold,0,7,96024,222.5847,124.81199999999998,-97.77270000000001
p1_threshold,0,8,116029,200.50019999999998,122.83200000000001,-77.66819999999997
p1_threshold,0,9,120030,198.69279999999998,118.404,-80.28879999999998
p1_threshold,0,10,148037,208.0651,118.02599999999998,-90.03910000000002
p1_threshold,0,11,152038,206.97209999999998,125.28,-81.69209999999998
p1_threshold,0,12,180045,209.81920000000002,120.375,-89.44420000000002
p1_threshold,0,13,184046,223.47009999999997,126.27,-97.20009999999998
p1_threshold,0,14,192048,203.9013,128.718,-75.1833
p1_threshold,0,15,224056,214.37720000000002,124.56,-89.81720000000001
p1_threshold,0,16,240060,192.58999999999997,110.844,-81.74599999999998
p1_threshold,0,17,248062,182.12969999999999,109.73700000000001,-72.39269999999998
p1_threshold,0,18,256064,195.54919999999998,119.268,-76.28119999999998
p1_threshold,0,19,260065,204.02569999999997,102.771,-101.25469999999997
p1_threshold,0,20,276069,209.8825,118.15199999999999,-91.7305
p1_threshold,0,21,348087,169.67329999999998,98.48700000000001,-71.18629999999997
p1_threshold,0,22,380095,188.1717,104.92200000000001,-83.24969999999998
p1_threshold,0,23,392098,223.3544,119.988,-103.3664
p1_threshold,0,24,396099,235.05129999999997,128.745,-106.30629999999996
p1_threshold,0,25,432108,224.47140000000002,117.62099999999998,-106.85040000000004
p1_threshold,0,26,436109,197.60339999999997,124.65,-72.95339999999996
p1_threshold,0,27,456114,186.01019999999997,127.84499999999998,-58.165199999999984
p1_threshold,0,28,492123,193.3589,113.733,-79.6259
p1_threshold,0,29,512128,166.4776,89.658,-76.8196
p1_threshold,1,0,12003,139.04629999999997,132.534,-6.512299999999982
p1_threshold,1,1,28007,144.7745,109.64699999999999,-35.1275
p1_threshold,1,2,36009,139.9368,119.84400000000002,-20.092799999999983
p1_threshold,1,3,56014,131.4716,104.679,-26.792599999999993
p1_threshold,1,4,60015,144.6001,124.26299999999999,-20.337100000000007
p1_threshold,1,5,76019,126.16319999999999,129.03300000000002,2.8698000000000263
p1_threshold,1,6,84021,146.8469,146.232,-0.6149000000000058
p1_threshold,1,7,96024,145.6444,125.262,-20.38239999999999
p1_threshold,1,8,116029,131.5254,123.102,-8.423399999999987
p1_threshold,1,9,120030,138.2758,118.08000000000001,-20.19579999999999
p1_threshold,1,10,148037,129.7908,117.738,-12.05279999999999
p1_threshold,1,11,152038,139.92989999999998,126.027,-13.902899999999974
p1_threshold,1,12,180045,170.2896,121.13099999999999,-49.15860000000002
p1_threshold,1,13,184046,142.1101,129.38400000000001,-12.726099999999974
p1_threshold,1,14,192048,142.21269999999998,129.321,-12.891699999999986
p1_threshold,1,15,224056,154.0741,124.85699999999999,-29.217100000000002
p1_threshold,1,16,240060,130.46359999999999,112.54499999999999,-17.918599999999998
p1_threshold,1,17,248062,135.89480000000003,107.352,-28.542800000000028
p1_threshold,1,18,256064,133.1049,118.917,-14.187899999999985
p1_threshold,1,19,260065,138.569,102.99600000000001,-35.57299999999998
p1_threshold,1,20,276069,126.4164,117.93599999999999,-8.480400000000003
p1_threshold,1,21,348087,104.0506,98.19000000000001,-5.860599999999991
p1_threshold,1,22,380095,114.25130000000001,104.94000000000001,-9.311300000000003
p1_threshold,1,23,392098,140.6174,117.69300000000001,-22.92439999999999
p1_threshold,1,24,396099,165.6663,128.565,-37.10130000000001
p1_threshold,1,25,432108,162.84810000000002,116.775,-46.07310000000001
p1_threshold,1,26,436109,145.8714,124.596,-21.27539999999999
p1_threshold,1,27,456114,131.28609999999998,128.349,-2.9370999999999867
p1_threshold,1,28,492123,131.66549999999998,113.52600000000001,-18.13949999999997
p1_threshold,1,29,512128,113.1132,88.92000000000002,-24.19319999999999
p1_threshold,2,0,12003,144.8161,138.096,-6.720100000000002
p1_threshold,2,1,28007,140.36769999999999,112.185,-28.182699999999983
p1_threshold,2,2,36009,143.63760000000002,128.412,-15.225600000000014
p1_threshold,2,3,56014,134.9298,122.247,-12.6828
p1_threshold,2,4,60015,158.9488,136.07999999999998,-22.86880000000002
p1_threshold,2,5,76019,134.2339,133.614,-0.6199000000000012
p1_threshold,2,6,84021,151.96179999999998,150.291,-1.6707999999999856
p1_threshold,2,7,96024,145.26579999999998,131.976,-13.289799999999985
p1_threshold,2,8,116029,141.87339999999998,136.152,-5.7213999999999885
p1_threshold,2,9,120030,141.5045,122.03999999999999,-19.464500000000015
p1_threshold,2,10,148037,132.8416,122.697,-10.144599999999997
p1_threshold,2,11,152038,159.4724,138.58200000000002,-20.89039999999997
p1_threshold,2,12,180045,173.0938,128.90699999999998,-44.186800000000005
p1_threshold,2,13,184046,136.9576,132.41700000000003,-4.5405999999999835
p1_threshold,2,14,192048,150.5362,134.91899999999998,-15.617200000000025
p1_threshold,2,15,224056,148.23409999999998,128.745,-19.48909999999998
p1_threshold,2,16,240060,130.47279999999998,118.728,-11.744799999999984
p1_threshold,2,17,248062,139.0619,115.965,-23.096900000000005
p1_threshold,2,18,256064,146.2625,125.361,-20.901499999999984
p1_threshold,2,19,260065,144.3621,108.26100000000001,-36.10109999999999
p1_threshold,2,20,276069,130.7804,129.618,-1.162399999999991
p1_threshold,2,21,348087,106.52059999999999,117.234,10.713400000000007
p1_threshold,2,22,380095,118.01409999999998,104.45400000000001,-13.560099999999977
p1_threshold,2,23,392098,147.4042,121.338,-26.06620000000001
p1_threshold,2,24,396099,175.03339999999997,144.603,-30.430399999999963
p1_threshold,2,25,432108,162.20440000000002,118.773,-43.431400000000025
p1_threshold,2,26,436109,135.7148,126.576,-9.138800000000003
p1_threshold,2,27,456114,138.3277,133.236,-5.091700000000003
p1_threshold,2,28,492123,133.6526,120.024,-13.628600000000006
p1_threshold,2,29,512128,121.073,99.56700000000002,-21.505999999999972
p1_threshold,5,0,12003,145.7387,854.9100000000001,709.1713000000001
p1_threshold,5,1,28007,149.1845,804.375,655.1904999999999
p1_threshold,5,2,36009,144.91989999999998,836.73,691.8101
p1_threshold,5,3,56014,147.02640000000002,769.005,621.9785999999999
p1_threshold,5,4,60015,160.96729999999997,814.7070000000001,653.7397000000001
p1_threshold,5,5,76019,138.9578,868.509,729.5512
p1_threshold,5,6,84021,160.90009999999995,960.1650000000001,799.2649000000001
p1_threshold,5,7,96024,152.70239999999998,829.359,676.6566
p1_threshold,5,8,116029,154.90089999999998,817.596,662.6951
p1_threshold,5,9,120030,141.2495,809.019,667.7695
p1_threshold,5,10,148037,147.5295,819.2520000000001,671.7225000000001
p1_threshold,5,11,152038,155.8427,833.8679999999999,678.0252999999999
p1_threshold,5,12,180045,169.5322,834.6510000000001,665.1188000000001
p1_threshold,5,13,184046,161.83350000000002,860.1389999999999,698.3054999999999
p1_threshold,5,14,192048,162.6674,872.6220000000001,709.9546
p1_threshold,5,15,224056,160.3029,852.9839999999999,692.6810999999999
p1_threshold,5,16,240060,138.6522,803.3489999999999,664.6967999999999
p1_threshold,5,17,248062,140.1091,856.701,716.5919
p1_threshold,5,18,256064,143.8467,878.211,734.3643
p1_threshold,5,19,260065,150.5024,786.924,636.4216
p1_threshold,5,20,276069,139.923,870.048,730.125
p1_threshold,5,21,348087,119.9916,826.83,706.8384000000001
p1_threshold,5,22,380095,123.1055,783.7919999999999,660.6864999999999
p1_threshold,5,23,392098,138.84629999999999,828.4590000000001,689.6127000000001
p1_threshold,5,24,396099,179.3493,869.706,690.3567
p1_threshold,5,25,432108,158.36870000000002,829.251,670.8823
p1_threshold,5,26,436109,138.38,930.627,792.247
p1_threshold,5,27,456114,148.37269999999998,874.719,726.3463
p1_threshold,5,28,492123,150.18599999999998,781.7130000000002,631.5270000000003
p1_threshold,5,29,512128,114.71609999999998,723.5010000000001,608.7849000000001
p1_threshold,10,0,12003,150.3218,1196.478,1046.1562000000001
p1_threshold,10,1,28007,147.01839999999999,1052.676,905.6576
p1_threshold,10,2,36009,139.5478,1127.0880000000002,987.5402000000001
p1_threshold,10,3,56014,140.99259999999998,985.617,844.6243999999999
p1_threshold,10,4,60015,154.8906,1089.8639999999998,934.9733999999999
p1_threshold,10,5,76019,150.1882,1156.446,1006.2577999999999
p1_threshold,10,6,84021,165.3539,1265.22,1099.8661
p1_threshold,10,7,96024,158.91369999999998,1143.7649999999999,984.8512999999999
p1_threshold,10,8,116029,159.9548,1117.5659999999998,957.6111999999998
p1_threshold,10,9,120030,150.09120000000001,1116.6750000000002,966.5838000000001
p1_threshold,10,10,148037,144.62689999999998,1098.3419999999999,953.7150999999999
p1_threshold,10,11,152038,168.8005,1119.924,951.1234999999999
p1_threshold,10,12,180045,172.0389,1126.368,954.3290999999999
p1_threshold,10,13,184046,160.5702,1162.692,1002.1218
p1_threshold,10,14,192048,172.60879999999997,1155.924,983.3152
p1_threshold,10,15,224056,162.52759999999998,1129.536,967.0084
p1_threshold,10,16,240060,147.40159999999997,1057.185,909.7834
p1_threshold,10,17,248062,141.0806,1139.9759999999999,998.8953999999999
p1_threshold,10,18,256064,140.1241,1165.077,1024.9529
p1_threshold,10,19,260065,151.7956,1057.5720000000001,905.7764000000001
p1_threshold,10,20,276069,142.89600000000002,1139.589,996.693
p1_threshold,10,21,348087,113.0954,1046.5739999999998,933.4785999999998
p1_threshold,10,22,380095,131.6652,1066.4279999999999,934.7627999999999
p1_threshold,10,23,392098,162.4286,1110.447,948.0183999999999
p1_threshold,10,24,396099,177.0731,1199.043,1021.9698999999998
p1_threshold,10,25,432108,160.6234,1117.161,956.5376000000001
p1_threshold,10,26,436109,137.53480000000002,1204.4160000000002,1066.8812000000003
p1_threshold,10,27,456114,144.30899999999997,1147.4279999999999,1003.1189999999999
p1_threshold,10,28,492123,144.2144,1067.2649999999999,923.0505999999998
p1_threshold,10,29,512128,125.5334,908.4869999999999,782.9535999999998
p1_threshold,20,0,12003,164.78699999999998,1379.2589999999998,1214.4719999999998
p1_threshold,20,1,28007,154.6114,1222.902,1068.2906
p1_threshold,20,2,36009,147.8662,1303.281,1155.4148
p1_threshold,20,3,56014,155.5651,1124.8739999999998,969.3088999999998
p1_threshold,20,4,60015,173.04199999999997,1261.116,1088.074
p1_threshold,20,5,76019,165.0263,1319.3729999999998,1154.3466999999998
p1_threshold,20,6,84021,170.35679999999996,1470.5819999999999,1300.2251999999999
p1_threshold,20,7,96024,187.18589999999998,1328.112,1140.9261000000001
p1_threshold,20,8,116029,163.25269999999998,1298.97,1135.7173
p1_threshold,20,9,120030,158.9135,1285.9649999999997,1127.0514999999996
p1_threshold,20,10,148037,154.7161,1253.2949999999998,1098.5788999999997
p1_threshold,20,11,152038,177.47709999999998,1290.2669999999998,1112.7898999999998
p1_threshold,20,12,180045,167.8958,1279.1339999999998,1111.2381999999998
p1_threshold,20,13,184046,159.4373,1330.965,1171.5276999999999
p1_threshold,20,14,192048,167.33489999999998,1329.8939999999998,1162.5590999999997
p1_threshold,20,15,224056,173.01229999999998,1318.212,1145.1997000000001
p1_threshold,20,16,240060,147.352,1218.4649999999997,1071.1129999999996
p1_threshold,20,17,248062,154.87630000000001,1322.7479999999998,1167.8716999999997
p1_threshold,20,18,256064,145.1475,1336.4009999999998,1191.2534999999998
p1_threshold,20,19,260065,146.27149999999997,1216.5389999999998,1070.2674999999997
p1_threshold,20,20,276069,153.3817,1314.225,1160.8433
p1_threshold,20,21,348087,130.2808,1213.7219999999998,1083.4411999999998
p1_threshold,20,22,380095,125.7347,1229.1479999999997,1103.4132999999997
p1_threshold,20,23,392098,151.6565,1292.922,1141.2655
p1_threshold,20,24,396099,193.3365,1381.5449999999998,1188.2084999999997
p1_threshold,20,25,432108,166.35229999999999,1286.685,1120.3327
p1_threshold,20,26,436109,142.79479999999998,1382.562,1239.7672
p1_threshold,20,27,456114,161.10999999999996,1315.4219999999998,1154.312
p1_threshold,20,28,492123,150.3029,1209.06,1058.7571
p1_threshold,20,29,512128,127.38999999999999,1050.6059999999998,923.2159999999998
p1_threshold,50,0,12003,168.363,1556.0369999999998,1387.6739999999998
p1_threshold,50,1,28007,152.66899999999998,1339.7669999999998,1187.098
p1_threshold,50,2,36009,154.21599999999998,1438.2179999999998,1284.002
p1_threshold,50,3,56014,156.2021,1276.6589999999999,1120.4569
p1_threshold,50,4,60015,179.22209999999998,1393.7309999999998,1214.5088999999998
p1_threshold,50,5,76019,165.35389999999998,1448.2079999999999,1282.8540999999998
p1_threshold,50,6,84021,170.8868,1607.706,1436.8192
p1_threshold,50,7,96024,172.146,1436.8319999999999,1264.686
p1_threshold,50,8,116029,173.13549999999998,1433.007,1259.8715000000002
p1_threshold,50,9,120030,153.8254,1456.9379999999996,1303.1125999999997
p1_threshold,50,10,148037,156.3655,1399.9679999999998,1243.6025
p1_threshold,50,11,152038,167.82920000000001,1422.8189999999997,1254.9897999999998
p1_threshold,50,12,180045,173.48829999999998,1433.8799999999999,1260.3917
p1_threshold,50,13,184046,157.98409999999998,1467.7469999999998,1309.7629
p1_threshold,50,14,192048,165.0958,1479.3659999999995,1314.2701999999995
p1_threshold,50,15,224056,169.05179999999996,1450.638,1281.5862
p1_threshold,50,16,240060,159.4536,1375.6139999999998,1216.1603999999998
p1_threshold,50,17,248062,148.9875,1477.3139999999999,1328.3265
p1_threshold,50,18,256064,160.2656,1492.0379999999998,1331.7723999999998
p1_threshold,50,19,260065,155.194,1361.8889999999997,1206.6949999999997
p1_threshold,50,20,276069,169.8451,1451.9789999999998,1282.1338999999998
p1_threshold,50,21,348087,133.44369999999998,1352.223,1218.7793
p1_threshold,50,22,380095,143.35989999999998,1372.5,1229.1401
p1_threshold,50,23,392098,168.9991,1435.455,1266.4559
p1_threshold,50,24,396099,185.0629,1516.8959999999997,1331.8330999999998
p1_threshold,50,25,432108,166.0707,1439.1359999999997,1273.0652999999998
p1_threshold,50,26,436109,160.20980000000003,1528.1369999999997,1367.9271999999996
p1_threshold,50,27,456114,162.04359999999997,1463.7509999999997,1301.7073999999998
p1_threshold,50,28,492123,165.31369999999998,1367.397,1202.0833
p1_threshold,50,29,512128,121.81219999999999,1159.83,1038.0177999999999
p1_hpa_v2,0,0,12003,218.3743,186.399,-31.975300000000004
p1_hpa_v2,0,1,28007,193.74349999999998,161.154,-32.58949999999999
p1_hpa_v2,0,2,36009,201.1453,173.889,-27.25629999999998
p1_hpa_v2,0,3,56014,199.1798,151.74900000000002,-47.43079999999998
p1_hpa_v2,0,4,60015,216.89069999999998,183.87900000000002,-33.01169999999996
p1_hpa_v2,0,5,76019,207.0815,181.98900000000003,-25.092499999999973
p1_hpa_v2,0,6,84021,229.52589999999998,201.474,-28.05189999999999
p1_hpa_v2,0,7,96024,222.5847,181.98900000000003,-40.595699999999965
p1_hpa_v2,0,8,116029,200.50019999999998,172.80900000000003,-27.691199999999952
p1_hpa_v2,0,9,120030,198.69279999999998,182.34900000000002,-16.34379999999996
p1_hpa_v2,0,10,148037,208.0651,174.834,-33.2311
p1_hpa_v2,0,11,152038,206.97209999999998,187.25400000000002,-19.718099999999964
p1_hpa_v2,0,12,180045,209.81920000000002,171.729,-38.09020000000001
p1_hpa_v2,0,13,184046,223.47009999999997,186.71400000000006,-36.75609999999992
p1_hpa_v2,0,14,192048,203.9013,187.65900000000002,-16.24229999999997
p1_hpa_v2,0,15,224056,214.37720000000002,186.53400000000005,-27.843199999999968
p1_hpa_v2,0,16,240060,192.58999999999997,166.19400000000002,-26.395999999999958
p1_hpa_v2,0,17,248062,182.12969999999999,158.54399999999998,-23.585700000000003
p1_hpa_v2,0,18,256064,195.54919999999998,172.04400000000004,-23.505199999999945
p1_hpa_v2,0,19,260065,204.02569999999997,154.494,-49.53169999999997
p1_hpa_v2,0,20,276069,209.8825,179.01900000000003,-30.86349999999996
p1_hpa_v2,0,21,348087,169.67329999999998,142.11899999999997,-27.554300000000012
p1_hpa_v2,0,22,380095,188.1717,160.25400000000002,-27.917699999999968
p1_hpa_v2,0,23,392098,223.3544,171.68400000000003,-51.67039999999997
p1_hpa_v2,0,24,396099,235.05129999999997,176.31900000000002,-58.73229999999995
p1_hpa_v2,0,25,432108,224.47140000000002,159.714,-64.75740000000002
p1_hpa_v2,0,26,436109,197.60339999999997,181.449,-16.154399999999953
p1_hpa_v2,0,27,456114,186.01019999999997,185.90400000000002,-0.10619999999994434
p1_hpa_v2,0,28,492123,193.3589,165.78900000000004,-27.56989999999996
p1_hpa_v2,0,29,512128,166.4776,130.014,-36.463599999999985
p1_hpa_v2,1,0,12003,139.04629999999997,186.53400000000002,47.487700000000046
p1_hpa_v2,1,1,28007,144.7745,161.559,16.78450000000001
p1_hpa_v2,1,2,36009,139.9368,172.80900000000003,32.87220000000002
p1_hpa_v2,1,3,56014,131.4716,152.289,20.817399999999992
p1_hpa_v2,1,4,60015,144.6001,184.28400000000005,39.68390000000005
p1_hpa_v2,1,5,76019,126.16319999999999,189.23400000000004,63.07080000000005
p1_hpa_v2,1,6,84021,146.8469,197.06400000000002,50.217100000000016
p1_hpa_v2,1,7,96024,145.6444,180.23400000000004,34.58960000000005
p1_hpa_v2,1,8,116029,131.5254,173.61900000000003,42.09360000000004
p1_hpa_v2,1,9,120030,138.2758,181.71900000000005,43.44320000000005
p1_hpa_v2,1,10,148037,129.7908,175.779,45.988200000000006
p1_hpa_v2,1,11,152038,139.92989999999998,187.25400000000002,47.324100000000044
p1_hpa_v2,1,12,180045,170.2896,171.32400000000004,1.0344000000000335
p1_hpa_v2,1,13,184046,142.1101,185.90400000000002,43.793900000000036
p1_hpa_v2,1,14,192048,142.21269999999998,187.79400000000004,45.581300000000056
p1_hpa_v2,1,15,224056,154.0741,189.09900000000005,35.02490000000006
p1_hpa_v2,1,16,240060,130.46359999999999,171.324,40.86040000000003
p1_hpa_v2,1,17,248062,135.89480000000003,154.629,18.73419999999996
p1_hpa_v2,1,18,256064,133.1049,173.79900000000004,40.69410000000005
p1_hpa_v2,1,19,260065,138.569,154.49400000000003,15.92500000000004
p1_hpa_v2,1,20,276069,126.4164,173.394,46.97760000000001
p1_hpa_v2,1,21,348087,104.0506,145.494,41.4434
p1_hpa_v2,1,22,380095,114.25130000000001,156.744,42.492699999999985
p1_hpa_v2,1,23,392098,140.6174,175.86900000000003,35.251600000000025
p1_hpa_v2,1,24,396099,165.6663,179.28900000000004,13.622700000000037
p1_hpa_v2,1,25,432108,162.84810000000002,159.714,-3.134100000000018
p1_hpa_v2,1,26,436109,145.8714,178.74900000000002,32.87760000000003
p1_hpa_v2,1,27,456114,131.28609999999998,187.11900000000003,55.83290000000005
p1_hpa_v2,1,28,492123,131.66549999999998,174.15900000000005,42.49350000000007
p1_hpa_v2,1,29,512128,113.1132,130.239,17.125799999999998
p1_hpa_v2,2,0,12003,144.8161,186.12900000000002,41.31290000000001
p1_hpa_v2,2,1,28007,140.36769999999999,161.424,21.05630000000002
p1_hpa_v2,2,2,36009,143.63760000000002,173.889,30.25139999999999
p1_hpa_v2,2,3,56014,134.9298,152.15400000000002,17.224200000000025
p1_hpa_v2,2,4,60015,158.9488,187.389,28.440200000000004
p1_hpa_v2,2,5,76019,134.2339,188.064,53.83009999999999
p1_hpa_v2,2,6,84021,151.96179999999998,192.204,40.242200000000025
p1_hpa_v2,2,7,96024,145.26579999999998,180.77400000000003,35.508200000000045
p1_hpa_v2,2,8,116029,141.87339999999998,172.80900000000003,30.93560000000005
p1_hpa_v2,2,9,120030,141.5045,183.20400000000004,41.69950000000003
p1_hpa_v2,2,10,148037,132.8416,175.23900000000003,42.39740000000003
p1_hpa_v2,2,11,152038,159.4724,186.44400000000002,26.971600000000024
p1_hpa_v2,2,12,180045,173.0938,171.459,-1.6347999999999843
p1_hpa_v2,2,13,184046,136.9576,194.00400000000002,57.046400000000006
p1_hpa_v2,2,14,192048,150.5362,192.114,41.577799999999996
p1_hpa_v2,2,15,224056,148.23409999999998,187.61400000000003,39.37990000000005
p1_hpa_v2,2,16,240060,130.47279999999998,163.62900000000002,33.15620000000004
p1_hpa_v2,2,17,248062,139.0619,154.494,15.432099999999991
p1_hpa_v2,2,18,256064,146.2625,172.584,26.321500000000015
p1_hpa_v2,2,19,260065,144.3621,159.62400000000002,15.261900000000026
p1_hpa_v2,2,20,276069,130.7804,178.389,47.608600000000024
p1_hpa_v2,2,21,348087,106.52059999999999,145.719,39.19840000000001
p1_hpa_v2,2,22,380095,118.01409999999998,152.964,34.949900000000014
p1_hpa_v2,2,23,392098,147.4042,175.779,28.374799999999993
p1_hpa_v2,2,24,396099,175.03339999999997,179.01900000000003,3.985600000000062
p1_hpa_v2,2,25,432108,162.20440000000002,168.62400000000002,6.419600000000003
p1_hpa_v2,2,26,436109,135.7148,178.479,42.76420000000002
p1_hpa_v2,2,27,456114,138.3277,187.52400000000006,49.196300000000065
p1_hpa_v2,2,28,492123,133.6526,169.839,36.18639999999999
p1_hpa_v2,2,29,512128,121.073,126.729,5.656000000000006
p1_hpa_v2,5,0,12003,145.7387,186.264,40.525300000000016
p1_hpa_v2,5,1,28007,149.1845,161.829,12.644499999999994
p1_hpa_v2,5,2,36009,144.91989999999998,173.214,28.294100000000014
p1_hpa_v2,5,3,56014,147.02640000000002,153.09900000000002,6.072599999999994
p1_hpa_v2,5,4,60015,160.96729999999997,186.714,25.746700000000033
p1_hpa_v2,5,5,76019,138.9578,191.43900000000002,52.48120000000003
p1_hpa_v2,5,6,84021,160.90009999999995,196.389,35.48890000000006
p1_hpa_v2,5,7,96024,152.70239999999998,186.174,33.471600000000024
p1_hpa_v2,5,8,116029,154.90089999999998,173.394,18.493100000000027
p1_hpa_v2,5,9,120030,141.2495,182.34900000000002,41.099500000000006
p1_hpa_v2,5,10,148037,147.5295,178.479,30.9495
p1_hpa_v2,5,11,152038,155.8427,188.87400000000002,33.031300000000016
p1_hpa_v2,5,12,180045,169.5322,171.459,1.9268000000000143
p1_hpa_v2,5,13,184046,161.83350000000002,185.90400000000002,24.07050000000001
p1_hpa_v2,5,14,192048,162.6674,188.46900000000002,25.801600000000036
p1_hpa_v2,5,15,224056,160.3029,187.70400000000004,27.401100000000042
p1_hpa_v2,5,16,240060,138.6522,168.624,29.9718
p1_hpa_v2,5,17,248062,140.1091,154.899,14.789899999999989
p1_hpa_v2,5,18,256064,143.8467,176.094,32.247299999999996
p1_hpa_v2,5,19,260065,150.5024,153.00900000000001,2.50660000000002
p1_hpa_v2,5,20,276069,139.923,173.93400000000003,34.011000000000024
p1_hpa_v2,5,21,348087,119.9916,144.774,24.782399999999996
p1_hpa_v2,5,22,380095,123.1055,157.41899999999998,34.313499999999976
p1_hpa_v2,5,23,392098,138.84629999999999,173.16900000000004,34.322700000000054
p1_hpa_v2,5,24,396099,179.3493,177.66900000000004,-1.68029999999996
p1_hpa_v2,5,25,432108,158.36870000000002,164.30400000000003,5.935300000000012
p1_hpa_v2,5,26,436109,138.38,179.964,41.584
p1_hpa_v2,5,27,456114,148.37269999999998,189.41400000000002,41.041300000000035
p1_hpa_v2,5,28,492123,150.18599999999998,164.574,14.388000000000034
p1_hpa_v2,5,29,512128,114.71609999999998,126.909,12.192900000000023
p1_hpa_v2,10,0,12003,150.3218,188.829,38.50720000000001
p1_hpa_v2,10,1,28007,147.01839999999999,164.394,17.37560000000002
p1_hpa_v2,10,2,36009,139.5478,173.709,34.16120000000001
p1_hpa_v2,10,3,56014,140.99259999999998,151.88400000000001,10.891400000000033
p1_hpa_v2,10,4,60015,154.8906,187.11900000000003,32.22840000000002
p1_hpa_v2,10,5,76019,150.1882,183.87900000000002,33.690800000000024
p1_hpa_v2,10,6,84021,165.3539,193.68900000000002,28.33510000000001
p1_hpa_v2,10,7,96024,158.91369999999998,180.63900000000004,21.72530000000006
p1_hpa_v2,10,8,116029,159.9548,178.47900000000004,18.524200000000036
p1_hpa_v2,10,9,120030,150.09120000000001,183.56400000000002,33.47280000000001
p1_hpa_v2,10,10,148037,144.62689999999998,176.454,31.82710000000003
p1_hpa_v2,10,11,152038,168.8005,187.11900000000003,18.31850000000003
p1_hpa_v2,10,12,180045,172.0389,174.42900000000003,2.390100000000018
p1_hpa_v2,10,13,184046,160.5702,188.87400000000002,28.303800000000024
p1_hpa_v2,10,14,192048,172.60879999999997,188.06400000000002,15.455200000000048
p1_hpa_v2,10,15,224056,162.52759999999998,189.639,27.11140000000003
p1_hpa_v2,10,16,240060,147.40159999999997,163.62900000000002,16.227400000000046
p1_hpa_v2,10,17,248062,141.0806,155.169,14.088400000000007
p1_hpa_v2,10,18,256064,140.1241,176.90400000000005,36.779900000000055
p1_hpa_v2,10,19,260065,151.7956,159.309,7.51339999999999
p1_hpa_v2,10,20,276069,142.89600000000002,179.199,36.303
p1_hpa_v2,10,21,348087,113.0954,144.00900000000001,30.913600000000017
p1_hpa_v2,10,22,380095,131.6652,152.829,21.16380000000001
p1_hpa_v2,10,23,392098,162.4286,176.949,14.520400000000024
p1_hpa_v2,10,24,396099,177.0731,179.42400000000004,2.350900000000024
p1_hpa_v2,10,25,432108,160.6234,167.67900000000003,7.055600000000027
p1_hpa_v2,10,26,436109,137.53480000000002,179.154,41.61919999999998
p1_hpa_v2,10,27,456114,144.30899999999997,187.65900000000005,43.35000000000008
p1_hpa_v2,10,28,492123,144.2144,166.734,22.519599999999997
p1_hpa_v2,10,29,512128,125.5334,129.60899999999998,4.07559999999998
p1_hpa_v2,20,0,12003,164.78699999999998,217.449,52.662000000000035
p1_hpa_v2,20,1,28007,154.6114,193.284,38.67259999999999
p1_hpa_v2,20,2,36009,147.8662,194.139,46.27280000000002
p1_hpa_v2,20,3,56014,155.5651,175.23900000000003,19.67390000000003
p1_hpa_v2,20,4,60015,173.04199999999997,222.399,49.35700000000003
p1_hpa_v2,20,5,76019,165.0263,208.04400000000004,43.01770000000005
p1_hpa_v2,20,6,84021,170.35679999999996,228.924,58.56720000000004
p1_hpa_v2,20,7,96024,187.18589999999998,205.07399999999996,17.88809999999998
p1_hpa_v2,20,8,116029,163.25269999999998,213.084,49.83130000000003
p1_hpa_v2,20,9,120030,158.9135,200.709,41.795500000000004
p1_hpa_v2,20,10,148037,154.7161,197.649,42.93289999999999
p1_hpa_v2,20,11,152038,177.47709999999998,211.50900000000001,34.031900000000036
p1_hpa_v2,20,12,180045,167.8958,187.389,19.4932
p1_hpa_v2,20,13,184046,159.4373,225.86400000000003,66.42670000000004
p1_hpa_v2,20,14,192048,167.33489999999998,222.309,54.97410000000002
p1_hpa_v2,20,15,224056,173.01229999999998,208.764,35.75170000000003
p1_hpa_v2,20,16,240060,147.352,194.00400000000002,46.652000000000015
p1_hpa_v2,20,17,248062,154.87630000000001,159.62400000000002,4.747700000000009
p1_hpa_v2,20,18,256064,145.1475,195.894,50.7465
p1_hpa_v2,20,19,260065,146.27149999999997,177.534,31.262500000000017
p1_hpa_v2,20,20,276069,153.3817,200.079,46.69730000000001
p1_hpa_v2,20,21,348087,130.2808,167.31900000000002,37.03820000000002
p1_hpa_v2,20,22,380095,125.7347,182.349,56.614299999999986
p1_hpa_v2,20,23,392098,151.6565,196.524,44.86750000000001
p1_hpa_v2,20,24,396099,193.3365,188.829,-4.507499999999993
p1_hpa_v2,20,25,432108,166.35229999999999,178.344,11.991700000000009
p1_hpa_v2,20,26,436109,142.79479999999998,201.159,58.36420000000001
p1_hpa_v2,20,27,456114,161.10999999999996,205.74900000000002,44.63900000000007
p1_hpa_v2,20,28,492123,150.3029,192.654,42.3511
p1_hpa_v2,20,29,512128,127.38999999999999,144.414,17.024
p1_hpa_v2,50,0,12003,168.363,294.849,126.48599999999999
p1_hpa_v2,50,1,28007,152.66899999999998,269.874,117.20500000000004
p1_hpa_v2,50,2,36009,154.21599999999998,292.68899999999996,138.47299999999998
p1_hpa_v2,50,3,56014,156.2021,285.534,129.3319
p1_hpa_v2,50,4,60015,179.22209999999998,313.119,133.89690000000004
p1_hpa_v2,50,5,76019,165.35389999999998,241.479,76.12510000000003
p1_hpa_v2,50,6,84021,170.8868,296.244,125.35720000000003
p1_hpa_v2,50,7,96024,172.146,235.35899999999998,63.212999999999994
p1_hpa_v2,50,8,116029,173.13549999999998,245.48399999999998,72.3485
p1_hpa_v2,50,9,120030,153.8254,241.614,87.7886
p1_hpa_v2,50,10,148037,156.3655,247.554,91.1885
p1_hpa_v2,50,11,152038,167.82920000000001,330.264,162.4348
p1_hpa_v2,50,12,180045,173.48829999999998,281.79900000000004,108.31070000000005
p1_hpa_v2,50,13,184046,157.98409999999998,310.869,152.88490000000004
p1_hpa_v2,50,14,192048,165.0958,332.154,167.0582
p1_hpa_v2,50,15,224056,169.05179999999996,254.304,85.25220000000004
p1_hpa_v2,50,16,240060,159.4536,259.389,99.93540000000002
p1_hpa_v2,50,17,248062,148.9875,206.469,57.48149999999998
p1_hpa_v2,50,18,256064,160.2656,235.359,75.0934
p1_hpa_v2,50,19,260065,155.194,228.429,73.23500000000001
p1_hpa_v2,50,20,276069,169.8451,225.36900000000003,55.523900000000026
p1_hpa_v2,50,21,348087,133.44369999999998,205.56900000000002,72.12530000000004
p1_hpa_v2,50,22,380095,143.35989999999998,268.389,125.02910000000003
p1_hpa_v2,50,23,392098,168.9991,242.874,73.8749
p1_hpa_v2,50,24,396099,185.0629,261.729,76.66609999999997
p1_hpa_v2,50,25,432108,166.0707,255.42900000000003,89.35830000000004
p1_hpa_v2,50,26,436109,160.20980000000003,266.85900000000004,106.64920000000001
p1_hpa_v2,50,27,456114,162.04359999999997,279.68399999999997,117.6404
p1_hpa_v2,50,28,492123,165.31369999999998,267.894,102.58030000000002
p1_hpa_v2,50,29,512128,121.81219999999999,188.289,66.4768
p2_threshold,2.5,0,12003,220.60129999999998,130.131,-90.47029999999998
p2_threshold,2.5,1,28007,206.7548,110.05199999999999,-96.7028
p2_threshold,2.5,2,36009,215.6259,118.665,-96.9609
p2_threshold,2.5,3,56014,195.31289999999998,104.571,-90.74189999999999
p2_threshold,2.5,4,60015,228.05069999999998,123.399,-104.65169999999998
p2_threshold,2.5,5,76019,196.39329999999995,126.53099999999998,-69.86229999999998
p2_threshold,2.5,6,84021,239.6386,140.32799999999997,-99.31060000000002
p2_threshold,2.5,7,96024,220.52159999999998,124.81199999999998,-95.7096
p2_threshold,2.5,8,116029,209.79859999999996,122.83200000000001,-86.96659999999996
p2_threshold,2.5,9,120030,209.21439999999998,118.404,-90.81039999999999
p2_threshold,2.5,10,148037,202.85469999999998,118.02599999999998,-84.8287
p2_threshold,2.5,11,152038,222.45759999999999,125.28,-97.17759999999998
p2_threshold,2.5,12,180045,236.02869999999996,120.375,-115.65369999999996
p2_threshold,2.5,13,184046,210.45159999999998,126.27,-84.18159999999999
p2_threshold,2.5,14,192048,228.051,128.718,-99.333
p2_threshold,2.5,15,224056,222.23789999999997,124.56,-97.67789999999997
p2_threshold,2.5,16,240060,216.1934,110.844,-105.3494
p2_threshold,2.5,17,248062,212.18110000000001,109.73700000000001,-102.4441
p2_threshold,2.5,18,256064,209.1239,119.268,-89.85589999999999
p2_threshold,2.5,19,260065,222.8204,102.771,-120.0494
p2_threshold,2.5,20,276069,223.73129999999998,119.05199999999999,-104.67929999999998
p2_threshold,2.5,21,348087,163.8059,98.48700000000001,-65.3189
p2_threshold,2.5,22,380095,172.1225,104.92200000000001,-67.20049999999999
p2_threshold,2.5,23,392098,219.1831,119.988,-99.1951
p2_threshold,2.5,24,396099,237.395,128.745,-108.65
p2_threshold,2.5,25,432108,235.16469999999995,117.62099999999998,-117.54369999999997
p2_threshold,2.5,26,436109,229.14719999999997,124.65,-104.49719999999996
p2_threshold,2.5,27,456114,225.2343,127.84499999999998,-97.3893
p2_threshold,2.5,28,492123,207.2181,113.733,-93.48509999999999
p2_threshold,2.5,29,512128,155.4673,89.658,-65.8093
p2_threshold,2.0,0,12003,220.5067,130.131,-90.3757
p2_threshold,2.0,1,28007,195.06810000000002,110.05199999999999,-85.01610000000002
p2_threshold,2.0,2,36009,206.1313,118.665,-87.4663
p2_threshold,2.0,3,56014,205.90039999999996,104.571,-101.32939999999996
p2_threshold,2.0,4,60015,223.6169,123.399,-100.21789999999999
p2_threshold,2.0,5,76019,207.7675,126.53099999999998,-81.23650000000004
p2_threshold,2.0,6,84021,217.15990000000002,140.32799999999997,-76.83190000000005
p2_threshold,2.0,7,96024,236.03679999999997,125.71199999999999,-110.32479999999998
p2_threshold,2.0,8,116029,222.5661,122.83200000000001,-99.7341
p2_threshold,2.0,9,120030,231.16649999999998,118.404,-112.76249999999999
p2_threshold,2.0,10,148037,165.03820000000002,118.02599999999998,-47.012200000000036
p2_threshold,2.0,11,152038,190.72609999999997,125.28,-65.44609999999997
p2_threshold,2.0,12,180045,233.40849999999998,120.375,-113.03349999999998
p2_threshold,2.0,13,184046,212.9226,127.17,-85.75259999999999
p2_threshold,2.0,14,192048,233.0752,128.718,-104.3572
p2_threshold,2.0,15,224056,211.81289999999998,124.56,-87.25289999999998
p2_threshold,2.0,16,240060,195.51039999999998,110.844,-84.66639999999998
p2_threshold,2.0,17,248062,205.74349999999998,109.73700000000001,-96.00649999999997
p2_threshold,2.0,18,256064,205.6,120.168,-85.43199999999999
p2_threshold,2.0,19,260065,197.964,102.771,-95.193
p2_threshold,2.0,20,276069,217.4546,119.05199999999999,-98.4026
p2_threshold,2.0,21,348087,169.27700000000002,98.48700000000001,-70.79
p2_threshold,2.0,22,380095,187.9108,104.92200000000001,-82.98879999999998
p2_threshold,2.0,23,392098,192.43470000000002,119.988,-72.44670000000002
p2_threshold,2.0,24,396099,227.4947,128.745,-98.74969999999999
p2_threshold,2.0,25,432108,233.535,117.62099999999998,-115.91400000000002
p2_threshold,2.0,26,436109,221.99609999999998,124.65,-97.34609999999998
p2_threshold,2.0,27,456114,201.73309999999998,127.84499999999998,-73.8881
p2_threshold,2.0,28,492123,204.1081,113.733,-90.3751
p2_threshold,2.0,29,512128,179.5926,89.658,-89.9346
p2_threshold,1.75,0,12003,227.25439999999998,130.131,-97.12339999999998
p2_threshold,1.75,1,28007,234.0918,110.952,-123.13980000000001
p2_threshold,1.75,2,36009,227.82760000000002,118.665,-109.16260000000001
p2_threshold,1.75,3,56014,227.2754,104.571,-122.70439999999999
p2_threshold,1.75,4,60015,241.30359999999996,123.399,-117.90459999999996
p2_threshold,1.75,5,76019,225.3295,126.53099999999998,-98.79850000000002
p2_threshold,1.75,6,84021,224.27689999999998,140.32799999999997,-83.94890000000001
p2_threshold,1.75,7,96024,233.9004,125.71199999999999,-108.1884
p2_threshold,1.75,8,116029,227.52750000000003,122.83200000000001,-104.69550000000002
p2_threshold,1.75,9,120030,208.9419,118.404,-90.53790000000001
p2_threshold,1.75,10,148037,205.6427,119.826,-85.8167
p2_threshold,1.75,11,152038,246.37329999999997,125.28,-121.09329999999997
p2_threshold,1.75,12,180045,247.9903,120.375,-127.61529999999999
p2_threshold,1.75,13,184046,226.9783,127.17,-99.80829999999999
p2_threshold,1.75,14,192048,237.26569999999998,128.718,-108.54769999999999
p2_threshold,1.75,15,224056,240.3629,124.56,-115.8029
p2_threshold,1.75,16,240060,211.65279999999998,110.844,-100.80879999999999
p2_threshold,1.75,17,248062,209.48139999999998,109.73700000000001,-99.74439999999997
p2_threshold,1.75,18,256064,226.8586,120.168,-106.69059999999999
p2_threshold,1.75,19,260065,215.6666,102.771,-112.89559999999999
p2_threshold,1.75,20,276069,229.4186,119.05199999999999,-110.3666
p2_threshold,1.75,21,348087,184.51099999999997,98.48700000000001,-86.02399999999996
p2_threshold,1.75,22,380095,196.38029999999998,105.822,-90.55829999999997
p2_threshold,1.75,23,392098,221.97679999999997,119.988,-101.98879999999997
p2_threshold,1.75,24,396099,250.45379999999997,128.745,-121.70879999999997
p2_threshold,1.75,25,432108,249.7998,117.62099999999998,-132.17880000000002
p2_threshold,1.75,26,436109,231.1941,124.65,-106.54409999999999
p2_threshold,1.75,27,456114,223.9021,127.84499999999998,-96.0571
p2_threshold,1.75,28,492123,226.5409,113.733,-112.80789999999999
p2_threshold,1.75,29,512128,164.5808,89.658,-74.92280000000001
p2_threshold,1.5,0,12003,242.7613,130.131,-112.6303
p2_threshold,1.5,1,28007,209.0171,110.952,-98.0651
p2_threshold,1.5,2,36009,260.9325,121.365,-139.5675
p2_threshold,1.5,3,56014,233.107,104.571,-128.536
p2_threshold,1.5,4,60015,222.0885,123.399,-98.68950000000001
p2_threshold,1.5,5,76019,236.48680000000002,126.53099999999998,-109.95580000000004
p2_threshold,1.5,6,84021,241.2127,141.228,-99.9847
p2_threshold,1.5,7,96024,236.279,125.71199999999999,-110.56700000000001
p2_threshold,1.5,8,116029,233.46280000000002,122.83200000000001,-110.63080000000001
p2_threshold,1.5,9,120030,227.5058,119.304,-108.20179999999999
p2_threshold,1.5,10,148037,202.27280000000002,120.726,-81.54680000000002
p2_threshold,1.5,11,152038,228.8056,126.17999999999998,-102.62560000000002
p2_threshold,1.5,12,180045,250.4106,121.275,-129.13559999999998
p2_threshold,1.5,13,184046,209.8829,128.07,-81.81290000000001
p2_threshold,1.5,14,192048,210.01300000000003,128.718,-81.29500000000004
p2_threshold,1.5,15,224056,259.8589,124.56,-135.2989
p2_threshold,1.5,16,240060,221.0752,110.844,-110.2312
p2_threshold,1.5,17,248062,245.59840000000003,109.73700000000001,-135.8614
p2_threshold,1.5,18,256064,215.09799999999998,120.168,-94.92999999999998
p2_threshold,1.5,19,260065,210.40509999999998,103.671,-106.73409999999997
p2_threshold,1.5,20,276069,235.3126,119.05199999999999,-116.26060000000001
p2_threshold,1.5,21,348087,196.62009999999998,99.38700000000001,-97.23309999999996
p2_threshold,1.5,22,380095,173.05129999999997,107.62200000000001,-65.42929999999996
p2_threshold,1.5,23,392098,225.1208,119.988,-105.1328
p2_threshold,1.5,24,396099,275.64919999999995,128.745,-146.90419999999995
p2_threshold,1.5,25,432108,245.8986,117.62099999999998,-128.2776
p2_threshold,1.5,26,436109,222.99669999999998,125.55000000000001,-97.44669999999996
p2_threshold,1.5,27,456114,210.7807,127.84499999999998,-82.93570000000001
p2_threshold,1.5,28,492123,214.9373,114.63300000000001,-100.30429999999998
p2_threshold,1.5,29,512128,152.7912,89.658,-63.1332
p2_threshold,1.3,0,12003,235.7296,131.031,-104.6986
p2_threshold,1.3,1,28007,213.0003,112.75200000000001,-100.2483
p2_threshold,1.3,2,36009,234.82829999999998,121.365,-113.46329999999999
p2_threshold,1.3,3,56014,183.83579999999998,104.571,-79.26479999999998
p2_threshold,1.3,4,60015,227.2869,123.399,-103.8879
p2_threshold,1.3,5,76019,219.9498,128.331,-91.61880000000002
p2_threshold,1.3,6,84021,237.79259999999996,143.02800000000002,-94.76459999999994
p2_threshold,1.3,7,96024,242.7686,126.612,-116.1566
p2_threshold,1.3,8,116029,213.2807,125.53200000000001,-87.74869999999999
p2_threshold,1.3,9,120030,233.6567,121.104,-112.5527
p2_threshold,1.3,10,148037,187.7373,121.62599999999999,-66.11130000000001
p2_threshold,1.3,11,152038,209.5813,127.07999999999998,-82.50130000000001
p2_threshold,1.3,12,180045,252.2125,122.175,-130.03750000000002
p2_threshold,1.3,13,184046,238.9853,128.07,-110.9153
p2_threshold,1.3,14,192048,245.38629999999998,129.618,-115.76829999999998
p2_threshold,1.3,15,224056,242.3075,125.46000000000001,-116.8475
p2_threshold,1.3,16,240060,220.67690000000005,111.744,-108.93290000000005
p2_threshold,1.3,17,248062,201.0299,110.637,-90.3929
p2_threshold,1.3,18,256064,253.2381,121.06800000000001,-132.1701
p2_threshold,1.3,19,260065,217.45929999999998,104.57100000000001,-112.88829999999997
p2_threshold,1.3,20,276069,203.5288,122.652,-80.87679999999999
p2_threshold,1.3,21,348087,196.17589999999998,99.38700000000001,-96.78889999999997
p2_threshold,1.3,22,380095,187.7244,107.62200000000001,-80.10239999999999
p2_threshold,1.3,23,392098,206.2825,121.788,-84.4945
p2_threshold,1.3,24,396099,247.51849999999996,128.745,-118.77349999999996
p2_threshold,1.3,25,432108,243.23569999999998,119.42099999999999,-123.81469999999999
p2_threshold,1.3,26,436109,211.7145,127.35000000000001,-84.36449999999998
p2_threshold,1.3,27,456114,194.03089999999997,128.745,-65.28589999999997
p2_threshold,1.3,28,492123,232.4113,114.63300000000001,-117.7783
p2_threshold,1.3,29,512128,170.38459999999998,91.45800000000001,-78.92659999999997
p2_threshold,1.1,0,12003,245.5527,132.83100000000002,-112.72169999999997
p2_threshold,1.1,1,28007,232.4771,112.75200000000001,-119.7251
p2_threshold,1.1,2,36009,248.5036,124.06500000000001,-124.4386
p2_threshold,1.1,3,56014,236.5573,104.571,-131.9863
p2_threshold,1.1,4,60015,271.06780000000003,126.099,-144.96880000000004
p2_threshold,1.1,5,76019,249.95659999999998,128.331,-121.62559999999999
p2_threshold,1.1,6,84021,266.7699,144.828,-121.9419
p2_threshold,1.1,7,96024,227.7199,127.512,-100.2079
p2_threshold,1.1,8,116029,269.154,127.332,-141.822
p2_threshold,1.1,9,120030,252.4622,121.104,-131.3582
p2_threshold,1.1,10,148037,242.23219999999998,123.42599999999999,-118.80619999999999
p2_threshold,1.1,11,152038,280.7807,128.88,-151.90070000000003
p2_threshold,1.1,12,180045,256.0415,123.975,-132.0665
p2_threshold,1.1,13,184046,237.14839999999998,129.87,-107.27839999999998
p2_threshold,1.1,14,192048,257.9003,130.518,-127.38230000000001
p2_threshold,1.1,15,224056,255.5351,125.46000000000001,-130.0751
p2_threshold,1.1,16,240060,219.7887,112.644,-107.1447
p2_threshold,1.1,17,248062,238.2473,112.43700000000001,-125.81029999999998
p2_threshold,1.1,18,256064,251.69369999999998,121.96800000000002,-129.72569999999996
p2_threshold,1.1,19,260065,229.62230000000002,104.57100000000001,-125.05130000000001
p2_threshold,1.1,20,276069,265.828,124.452,-141.37599999999998
p2_threshold,1.1,21,348087,202.72529999999998,99.38700000000001,-103.33829999999996
p2_threshold,1.1,22,380095,207.98899999999998,107.62200000000001,-100.36699999999996
p2_threshold,1.1,23,392098,248.0663,122.688,-125.37830000000001
p2_threshold,1.1,24,396099,229.7634,134.14499999999998,-95.61840000000001
p2_threshold,1.1,25,432108,258.3432,120.321,-138.02220000000003
p2_threshold,1.1,26,436109,227.6121,127.35000000000001,-100.26209999999999
p2_threshold,1.1,27,456114,256.8842,130.54500000000002,-126.3392
p2_threshold,1.1,28,492123,215.1044,116.433,-98.67139999999999
p2_threshold,1.1,29,512128,176.34120000000001,92.358,-83.98320000000001
p3_threshold,0.0,0,12003,218.3743,130.131,-88.2433
p3_threshold,0.0,1,28007,193.74349999999998,110.05199999999999,-83.69149999999999
p3_threshold,0.0,2,36009,201.1453,118.665,-82.48029999999999
p3_threshold,0.0,3,56014,199.1798,104.571,-94.6088
p3_threshold,0.0,4,60015,216.89069999999998,122.499,-94.39169999999999
p3_threshold,0.0,5,76019,207.0815,126.53099999999998,-80.55050000000003
p3_threshold,0.0,6,84021,229.52589999999998,140.32799999999997,-89.1979
p3_threshold,0.0,7,96024,222.5847,124.81199999999998,-97.77270000000001
p3_threshold,0.0,8,116029,200.50019999999998,122.83200000000001,-77.66819999999997
p3_threshold,0.0,9,120030,198.69279999999998,118.404,-80.28879999999998
p3_threshold,0.0,10,148037,208.0651,118.02599999999998,-90.03910000000002
p3_threshold,0.0,11,152038,206.97209999999998,125.28,-81.69209999999998
p3_threshold,0.0,12,180045,209.81920000000002,120.375,-89.44420000000002
p3_threshold,0.0,13,184046,223.47009999999997,126.27,-97.20009999999998
p3_threshold,0.0,14,192048,203.9013,128.718,-75.1833
p3_threshold,0.0,15,224056,214.37720000000002,124.56,-89.81720000000001
p3_threshold,0.0,16,240060,192.58999999999997,110.844,-81.74599999999998
p3_threshold,0.0,17,248062,182.12969999999999,109.73700000000001,-72.39269999999998
p3_threshold,0.0,18,256064,195.54919999999998,119.268,-76.28119999999998
p3_threshold,0.0,19,260065,204.02569999999997,102.771,-101.25469999999997
p3_threshold,0.0,20,276069,209.8825,118.15199999999999,-91.7305
p3_threshold,0.0,21,348087,169.67329999999998,98.48700000000001,-71.18629999999997
p3_threshold,0.0,22,380095,188.1717,104.92200000000001,-83.24969999999998
p3_threshold,0.0,23,392098,223.3544,119.988,-103.3664
p3_threshold,0.0,24,396099,235.05129999999997,128.745,-106.30629999999996
p3_threshold,0.0,25,432108,224.47140000000002,117.62099999999998,-106.85040000000004
p3_threshold,0.0,26,436109,197.60339999999997,124.65,-72.95339999999996
p3_threshold,0.0,27,456114,186.01019999999997,127.84499999999998,-58.165199999999984
p3_threshold,0.0,28,492123,193.3589,113.733,-79.6259
p3_threshold,0.0,29,512128,166.4776,89.658,-76.8196
p3_threshold,0.01,0,12003,220.3366,130.131,-90.2056
p3_threshold,0.01,1,28007,190.0605,110.05199999999999,-80.0085
p3_threshold,0.01,2,36009,210.6085,118.665,-91.94349999999999
p3_threshold,0.01,3,56014,204.6169,104.571,-100.04589999999999
p3_threshold,0.01,4,60015,211.3789,122.499,-88.87989999999999
p3_threshold,0.01,5,76019,213.37399999999997,126.53099999999998,-86.84299999999999
p3_threshold,0.01,6,84021,214.80649999999997,140.32799999999997,-74.4785
p3_threshold,0.01,7,96024,212.3435,124.81199999999998,-87.53150000000002
p3_threshold,0.01,8,116029,206.95589999999999,122.83200000000001,-84.12389999999998
p3_threshold,0.01,9,120030,211.09859999999998,118.404,-92.69459999999998
p3_threshold,0.01,10,148037,207.60679999999996,118.02599999999998,-89.58079999999998
p3_threshold,0.01,11,152038,219.6984,125.28,-94.41839999999999
p3_threshold,0.01,12,180045,219.22169999999997,120.375,-98.84669999999997
p3_threshold,0.01,13,184046,213.4265,126.27,-87.15650000000001
p3_threshold,0.01,14,192048,220.6084,128.718,-91.8904
p3_threshold,0.01,15,224056,230.1692,124.56,-105.60919999999999
p3_threshold,0.01,16,240060,187.3442,110.844,-76.5002
p3_threshold,0.01,17,248062,192.4176,109.73700000000001,-82.68059999999998
p3_threshold,0.01,18,256064,225.35949999999997,119.268,-106.09149999999997
p3_threshold,0.01,19,260065,197.7481,102.771,-94.9771
p3_threshold,0.01,20,276069,214.62150000000003,118.15199999999999,-96.46950000000004
p3_threshold,0.01,21,348087,168.70709999999997,98.48700000000001,-70.22009999999996
p3_threshold,0.01,22,380095,175.64979999999997,104.92200000000001,-70.72779999999996
p3_threshold,0.01,23,392098,200.64010000000002,119.988,-80.65210000000002
p3_threshold,0.01,24,396099,226.4721,128.745,-97.72710000000001
p3_threshold,0.01,25,432108,211.25929999999997,117.62099999999998,-93.63829999999999
p3_threshold,0.01,26,436109,199.28050000000002,124.65,-74.63050000000001
p3_threshold,0.01,27,456114,192.67789999999997,127.84499999999998,-64.83289999999998
p3_threshold,0.01,28,492123,203.1011,113.733,-89.3681
p3_threshold,0.01,29,512128,164.1348,89.658,-74.47680000000001
p3_threshold,0.02,0,12003,221.67219999999998,130.131,-91.54119999999998
p3_threshold,0.02,1,28007,204.937,110.05199999999999,-94.88500000000002
p3_threshold,0.02,2,36009,203.06919999999997,118.665,-84.40419999999996
p3_threshold,0.02,3,56014,190.7764,104.571,-86.2054
p3_threshold,0.02,4,60015,211.4432,122.499,-88.9442
p3_threshold,0.02,5,76019,215.79059999999998,126.53099999999998,-89.2596
p3_threshold,0.02,6,84021,220.90249999999997,140.32799999999997,-80.5745
p3_threshold,0.02,7,96024,223.11199999999997,124.81199999999998,-98.29999999999998
p3_threshold,0.02,8,116029,221.15449999999998,122.83200000000001,-98.32249999999998
p3_threshold,0.02,9,120030,202.40519999999998,118.404,-84.00119999999998
p3_threshold,0.02,10,148037,190.4818,118.02599999999998,-72.45580000000001
p3_threshold,0.02,11,152038,213.19889999999998,125.28,-87.91889999999998
p3_threshold,0.02,12,180045,230.94209999999995,120.375,-110.56709999999995
p3_threshold,0.02,13,184046,206.9639,126.27,-80.6939
p3_threshold,0.02,14,192048,208.3404,128.718,-79.6224
p3_threshold,0.02,15,224056,210.16759999999996,124.56,-85.60759999999996
p3_threshold,0.02,16,240060,190.66729999999995,110.844,-79.82329999999996
p3_threshold,0.02,17,248062,189.7294,109.73700000000001,-79.99239999999999
p3_threshold,0.02,18,256064,220.2306,119.268,-100.96260000000001
p3_threshold,0.02,19,260065,194.1601,102.771,-91.3891
p3_threshold,0.02,20,276069,209.4637,118.15199999999999,-91.3117
p3_threshold,0.02,21,348087,171.53029999999995,98.48700000000001,-73.04329999999995
p3_threshold,0.02,22,380095,173.4108,104.92200000000001,-68.48879999999998
p3_threshold,0.02,23,392098,207.51,119.988,-87.52199999999999
p3_threshold,0.02,24,396099,229.40929999999997,128.745,-100.66429999999997
p3_threshold,0.02,25,432108,224.68419999999998,117.62099999999998,-107.0632
p3_threshold,0.02,26,436109,195.4968,124.65,-70.8468
p3_threshold,0.02,27,456114,185.47019999999998,127.84499999999998,-57.62519999999999
p3_threshold,0.02,28,492123,196.2916,113.733,-82.55859999999998
p3_threshold,0.02,29,512128,158.173,89.658,-68.515
p3_threshold,0.05,0,12003,200.841,130.131,-70.71000000000001
p3_threshold,0.05,1,28007,198.86919999999998,110.05199999999999,-88.81719999999999
p3_threshold,0.05,2,36009,214.29749999999996,118.665,-95.63249999999995
p3_threshold,0.05,3,56014,190.3555,104.571,-85.78450000000001
p3_threshold,0.05,4,60015,202.20189999999997,122.499,-79.70289999999997
p3_threshold,0.05,5,76019,214.41939999999997,126.53099999999998,-87.88839999999999
p3_threshold,0.05,6,84021,237.90949999999998,140.32799999999997,-97.5815
p3_threshold,0.05,7,96024,220.6605,124.81199999999998,-95.84850000000003
p3_threshold,0.05,8,116029,217.18059999999997,122.83200000000001,-94.34859999999996
p3_threshold,0.05,9,120030,222.3455,118.404,-103.94149999999999
p3_threshold,0.05,10,148037,209.62449999999998,118.02599999999998,-91.5985
p3_threshold,0.05,11,152038,233.73909999999995,125.28,-108.45909999999995
p3_threshold,0.05,12,180045,220.19819999999999,120.375,-99.82319999999999
p3_threshold,0.05,13,184046,210.76399999999995,126.27,-84.49399999999996
p3_threshold,0.05,14,192048,225.31569999999996,128.718,-96.59769999999997
p3_threshold,0.05,15,224056,224.80619999999996,124.56,-100.24619999999996
p3_threshold,0.05,16,240060,194.10769999999997,110.844,-83.26369999999997
p3_threshold,0.05,17,248062,185.038,109.73700000000001,-75.301
p3_threshold,0.05,18,256064,220.04359999999997,119.268,-100.77559999999997
p3_threshold,0.05,19,260065,187.67849999999999,102.771,-84.90749999999998
p3_threshold,0.05,20,276069,212.84449999999998,118.15199999999999,-94.6925
p3_threshold,0.05,21,348087,177.72899999999998,98.48700000000001,-79.24199999999998
p3_threshold,0.05,22,380095,187.8707,104.92200000000001,-82.94869999999999
p3_threshold,0.05,23,392098,210.4859,119.988,-90.49789999999999
p3_threshold,0.05,24,396099,237.5504,128.745,-108.80539999999999
p3_threshold,0.05,25,432108,243.09390000000002,117.62099999999998,-125.47290000000004
p3_threshold,0.05,26,436109,202.13129999999998,124.65,-77.48129999999998
p3_threshold,0.05,27,456114,214.68049999999997,127.84499999999998,-86.83549999999998
p3_threshold,0.05,28,492123,203.618,113.733,-89.88499999999999
p3_threshold,0.05,29,512128,158.1235,89.658,-68.4655
p3_threshold,0.1,0,12003,217.3784,130.131,-87.2474
p3_threshold,0.1,1,28007,220.72889999999998,110.05199999999999,-110.67689999999999
p3_threshold,0.1,2,36009,216.82259999999997,118.665,-98.15759999999996
p3_threshold,0.1,3,56014,207.13909999999998,104.571,-102.56809999999999
p3_threshold,0.1,4,60015,228.9408,122.499,-106.4418
p3_threshold,0.1,5,76019,220.35109999999997,126.53099999999998,-93.8201
p3_threshold,0.1,6,84021,234.08939999999998,140.32799999999997,-93.76140000000001
p3_threshold,0.1,7,96024,239.93249999999998,124.81199999999998,-115.12049999999999
p3_threshold,0.1,8,116029,218.82939999999996,122.83200000000001,-95.99739999999996
p3_threshold,0.1,9,120030,209.90879999999999,118.404,-91.50479999999999
p3_threshold,0.1,10,148037,207.2627,118.02599999999998,-89.23670000000001
p3_threshold,0.1,11,152038,210.7917,125.28,-85.51169999999999
p3_threshold,0.1,12,180045,241.94979999999998,120.375,-121.57479999999998
p3_threshold,0.1,13,184046,215.8125,126.27,-89.5425
p3_threshold,0.1,14,192048,226.397,128.718,-97.679
p3_threshold,0.1,15,224056,214.32709999999997,124.56,-89.76709999999997
p3_threshold,0.1,16,240060,200.25919999999996,110.844,-89.41519999999997
p3_threshold,0.1,17,248062,199.529,109.73700000000001,-89.79199999999999
p3_threshold,0.1,18,256064,217.99169999999998,119.268,-98.72369999999998
p3_threshold,0.1,19,260065,193.8765,102.771,-91.10549999999999
p3_threshold,0.1,20,276069,215.721,118.15199999999999,-97.56900000000002
p3_threshold,0.1,21,348087,189.15339999999998,98.48700000000001,-90.66639999999997
p3_threshold,0.1,22,380095,188.9175,104.92200000000001,-83.99549999999998
p3_threshold,0.1,23,392098,229.43989999999997,119.988,-109.45189999999997
p3_threshold,0.1,24,396099,248.65819999999997,128.745,-119.91319999999996
p3_threshold,0.1,25,432108,238.0623,117.62099999999998,-120.44130000000001
p3_threshold,0.1,26,436109,204.15879999999999,124.65,-79.50879999999998
p3_threshold,0.1,27,456114,201.25919999999996,127.84499999999998,-73.41419999999998
p3_threshold,0.1,28,492123,211.25029999999998,113.733,-97.51729999999998
p3_threshold,0.1,29,512128,167.28199999999998,89.658,-77.62399999999998
p3_threshold,0.2,0,12003,229.64690000000002,130.131,-99.51590000000002
p3_threshold,0.2,1,28007,214.70659999999998,110.05199999999999,-104.65459999999999
p3_threshold,0.2,2,36009,220.25209999999998,118.665,-101.58709999999998
p3_threshold,0.2,3,56014,214.2336,104.571,-109.6626
p3_threshold,0.2,4,60015,249.98669999999998,122.499,-127.48769999999999
p3_threshold,0.2,5,76019,216.32569999999998,126.53099999999998,-89.7947
p3_threshold,0.2,6,84021,245.93929999999997,140.32799999999997,-105.6113
p3_threshold,0.2,7,96024,218.66889999999995,124.81199999999998,-93.85689999999997
p3_threshold,0.2,8,116029,223.77949999999998,122.83200000000001,-100.94749999999998
p3_threshold,0.2,9,120030,220.0382,118.404,-101.63419999999999
p3_threshold,0.2,10,148037,207.8288,118.02599999999998,-89.80280000000002
p3_threshold,0.2,11,152038,242.18309999999997,125.28,-116.90309999999997
p3_threshold,0.2,12,180045,256.1732999999999,120.375,-135.79829999999993
p3_threshold,0.2,13,184046,215.45899999999997,126.27,-89.18899999999998
p3_threshold,0.2,14,192048,237.1639,128.718,-108.44590000000002
p3_threshold,0.2,15,224056,216.0136,124.56,-91.4536
p3_threshold,0.2,16,240060,192.9743,110.844,-82.1303
p3_threshold,0.2,17,248062,190.6011,109.73700000000001,-80.8641
p3_threshold,0.2,18,256064,214.6345,119.268,-95.3665
p3_threshold,0.2,19,260065,214.41789999999997,102.771,-111.64689999999997
p3_threshold,0.2,20,276069,226.35749999999996,118.15199999999999,-108.20549999999997
p3_threshold,0.2,21,348087,180.10199999999998,98.48700000000001,-81.61499999999997
p3_threshold,0.2,22,380095,179.30529999999996,104.92200000000001,-74.38329999999995
p3_threshold,0.2,23,392098,203.37470000000002,119.988,-83.38670000000002
p3_threshold,0.2,24,396099,258.1603,128.745,-129.4153
p3_threshold,0.2,25,432108,236.9694,117.62099999999998,-119.34840000000003
p3_threshold,0.2,26,436109,193.5949,124.65,-68.94489999999999
p3_threshold,0.2,27,456114,226.9064,127.84499999999998,-99.0614
p3_threshold,0.2,28,492123,210.7122,113.733,-96.97919999999999
p3_threshold,0.2,29,512128,167.3204,89.658,-77.6624
