curve,magnitude,rossi_mean_total_cost,comparator_mean_total_cost,delta_comparator_minus_rossi,ci_low,ci_high,p_less_than_zero,p_greater_than_zero,rossi_sla_violation_rate,comparator_sla_violation_rate,rossi_action_churn,comparator_action_churn,block_L5_ci_low,block_L5_ci_high,block_L5_p_less,block_L5_p_greater,block_L10_ci_low,block_L10_ci_high,block_L10_p_less,block_L10_p_greater,holm_less_curve,holm_greater_curve
p1_threshold,0,204.0891,118.2825,-85.80660000000002,-89.868705,-81.88973124999998,9.99990000099999e-06,1.0,0.031808714488044655,0.0003915687744730485,1506.1333333333334,55.5,-89.72700241666665,-83.73429241666665,9.99990000099999e-06,1.0,-88.02635466666666,-84.48501,9.99990000099999e-06,1.0,6.999930000699993e-05,1.0
p1_threshold,1,138.01702666666668,118.74780000000003,-19.26922666666666,-23.952889749999986,-14.903579416666657,9.99990000099999e-06,1.0,0.012288594518037156,0.00039990002499375166,1064.0666666666666,112.53333333333333,-23.153337583333325,-15.209815583333326,0.016119838801611983,1.0,-21.978893333333325,-15.920633333333324,0.12548874511254887,1.0,6.999930000699993e-05,1.0
p1_threshold,2,142.25198666666668,126.03659999999999,-16.215386666666664,-20.67316641666666,-11.83219916666666,9.99990000099999e-06,1.0,0.012963425810214113,0.0024243939015246184,940.0666666666667,192.56666666666666,-19.958646249999997,-12.79293058333334,0.016029839701602985,1.0,-18.984433333333325,-13.625626666666665,0.12415875841241587,1.0,6.999930000699993e-05,1.0
p1_threshold,5,147.95350999999997,836.0574,688.1038900000001,673.1394242499999,703.8019246666668,1.0,9.99990000099999e-06,0.014446388402899274,0.19375989335999327,845.6666666666666,699.9666666666667,680.2591415833334,700.5161705000002,1.0,0.014929850701492985,684.0290633333334,697.8317233333335,1.0,9.99990000099999e-06,1.0,6.999930000699993e-05
p1_threshold,10,150.60737000000003,1115.6943,965.0869299999998,942.4592296666667,986.1597795833333,1.0,9.99990000099999e-06,0.01516287594767975,0.26728317920519873,877.9333333333333,443.3666666666667,956.3204961666664,984.0605476666665,1.0,0.015629843701562986,961.9941699999998,978.7184315000001,0.8760412395876042,0.12396876031239687,1.0,6.999930000699993e-05
p1_threshold,20,157.8822633333333,1285.5416999999995,1127.6594366666666,1101.0077599166666,1153.1636385,1.0,9.99990000099999e-06,0.01701241356327585,0.31217195701074735,811.3666666666667,280.3666666666667,1117.3134169166667,1150.233375583333,1.0,9.99990000099999e-06,1125.0885799999999,1144.6386491666665,1.0,0.12584874151258488,1.0,6.999930000699993e-05
p1_threshold,50,161.19653,1427.8559999999998,1266.6594699999998,1238.827801,1293.0775552499995,1.0,9.99990000099999e-06,0.017770557360659835,0.348804465550279,705.9333333333333,141.0,1253.9743808333333,1290.0127459166663,1.0,0.016069839301606985,1262.9450318333331,1285.68231,0.8749712502874971,0.12503874961250389,1.0,6.999930000699993e-05
p1_hpa_v2,0,204.0891,172.53150000000002,-31.557599999999972,-36.47463524999998,-27.044720999999964,9.99990000099999e-06,1.0,0.031808714488044655,0.00021661251353828216,1506.1333333333334,36.56666666666667,-36.921385583333304,-28.2621743333333,0.015729842701572985,1.0,-35.24032999999997,-27.963382833333302,0.12579874201257987,0.8742112578874212,6.999930000699993e-05,1.0
p1_hpa_v2,1,138.01702666666668,173.05049999999994,35.03347333333336,29.51195208333336,40.28869100000002,1.0,9.99990000099999e-06,0.012288594518037156,0.00021661251353828216,1064.0666666666666,36.5,30.820770583333356,39.94239741666668,1.0,0.015689843101568984,31.486428833333356,39.92536183333336,1.0,0.12554874451255488,1.0,6.999930000699993e-05
p1_hpa_v2,2,142.25198666666668,173.27700000000002,31.02501333333336,25.51645858333336,36.25516483333336,1.0,9.99990000099999e-06,0.012963425810214113,0.00021661251353828216,940.0666666666667,36.3,27.883073583333353,34.96359133333335,1.0,9.99990000099999e-06,28.084286666666685,35.03647666666669,1.0,9.99990000099999e-06,1.0,6.999930000699993e-05
p1_hpa_v2,5,147.95350999999997,173.21699999999998,25.263490000000022,20.302666583333345,29.868069666666674,1.0,9.99990000099999e-06,0.014446388402899274,0.00021661251353828216,845.6666666666666,36.43333333333333,22.57682841666668,29.118002250000014,1.0,9.99990000099999e-06,22.43281666666668,28.855909750000013,1.0,9.99990000099999e-06,1.0,6.999930000699993e-05
p1_hpa_v2,10,150.60737000000003,173.63400000000001,23.026630000000022,18.73626683333335,27.196643666666684,1.0,9.99990000099999e-06,0.01516287594767975,0.00021661251353828216,877.9333333333333,37.233333333333334,20.02791808333336,25.34972100000002,1.0,0.014999850001499985,20.356876666666686,25.170616666666692,1.0,0.12458875411245887,1.0,6.999930000699993e-05
p1_hpa_v2,20,157.8822633333333,196.54349999999997,38.66123666666669,32.44329783333335,44.452449000000016,1.0,9.99990000099999e-06,0.01701241356327585,0.00021661251353828216,811.3666666666667,47.3,34.829152000000015,42.001529083333345,1.0,9.99990000099999e-06,35.57669666666668,42.00010000000001,1.0,0.12443875561244387,1.0,6.999930000699993e-05
p1_hpa_v2,50,161.19653,262.16400000000004,100.96746999999999,89.95495391666667,112.33603316666664,1.0,9.99990000099999e-06,0.017770557360659835,0.00680663167541448,705.9333333333333,68.36666666666666,85.07455000000003,115.15598016666668,0.985070149298507,0.014939850601493986,85.42908000000004,109.14317333333334,0.8745612543874561,0.12544874551254487,1.0,6.999930000699993e-05
p2_threshold,2.5,213.0927266666667,118.3425,-94.75022666666663,-99.49962016666667,-89.54318575,9.99990000099999e-06,1.0,0.033050070815629426,0.00040823127551445473,1572.9666666666667,55.5,-99.89481091666664,-91.94150241666664,0.015619843801561985,0.984390156098439,-98.72408999999999,-92.50981049999997,0.12378876211237888,0.8762212377876222,5.999940000599994e-05,1.0
p2_threshold,2.0,208.44194333333337,118.43249999999999,-90.00944333333335,-95.14610983333331,-84.73385008333337,9.99990000099999e-06,1.0,0.030584020661501284,0.0004332250270765643,1433.8,55.5,-92.89329808333333,-87.25498541666668,9.99990000099999e-06,1.0,-91.87482741666668,-87.91166,9.99990000099999e-06,1.0,5.999940000599994e-05,1.0
p2_threshold,1.75,224.15866,118.5525,-105.60615999999999,-110.60373349999998,-100.623582,9.99990000099999e-06,1.0,0.033641589602599345,0.0004665500291593769,1722.4666666666667,55.5,-110.2030255,-102.25350074999999,9.99990000099999e-06,1.0,-107.62619666666663,-103.67695666666667,0.12558874411255888,0.8744212557874421,5.999940000599994e-05,1.0
p2_threshold,1.5,224.98108333333332,119.0025,-105.97858333333333,-113.33145675,-98.83560958333332,9.99990000099999e-06,1.0,0.0324585520286595,0.0005915187869699241,1403.1666666666667,55.5,-111.82883616666666,-101.89739458333332,0.015319846801531985,1.0,-110.01577725,-102.92046508333333,0.1253687463125369,1.0,5.999940000599994e-05,1.0
p2_threshold,1.3,220.12502666666666,120.05249999999998,-100.07252666666663,-106.34925358333334,-93.44636891666664,9.99990000099999e-06,1.0,0.030109139381821207,0.0008831125551945347,1491.5666666666666,55.5,-106.49916358333333,-96.01883358333335,0.015879841201587985,0.984130158698413,-106.29737391666667,-96.49932666666663,0.12411875881241187,0.8758912410875891,5.999940000599994e-05,1.0
p2_threshold,1.1,241.92894666666672,121.28250000000001,-120.64644666666666,-126.23361250000002,-114.88151433333333,9.99990000099999e-06,1.0,0.03494126468382905,0.0012246938265433641,1702.0,55.5,-127.44843283333333,-116.9644153333333,0.015239847601523984,1.0,-127.58728758333335,-117.40647999999997,0.12454875451245488,1.0,5.999940000599994e-05,1.0
p3_threshold,0.0,204.0891,118.2825,-85.80660000000002,-89.80177183333332,-81.70074999999999,9.99990000099999e-06,1.0,0.031808714488044655,0.0003915687744730485,1506.1333333333334,55.5,-89.7452925,-83.6620105,9.99990000099999e-06,1.0,-87.9664773333333,-84.39778,9.99990000099999e-06,1.0,5.999940000599994e-05,1.0
p3_threshold,0.01,205.52414999999993,118.2825,-87.24164999999999,-90.97116658333333,-83.58449958333333,9.99990000099999e-06,1.0,0.03194201449637591,0.0003915687744730485,1491.3,55.5,-91.18831658333332,-84.50295033333333,0.015679843201567983,1.0,-91.66519333333332,-85.07616316666669,0.12553874461255388,1.0,5.999940000599994e-05,1.0
p3_threshold,0.02,204.05282666666662,118.2825,-85.77032666666665,-90.01656841666664,-81.58118891666666,9.99990000099999e-06,1.0,0.031417145713571605,0.0003915687744730485,1459.2666666666667,55.5,-88.65711891666665,-83.88021891666665,0.015999840001599985,1.0,-88.82998666666666,-83.66469599999998,0.12641873581264187,0.8735912640873591,5.999940000599994e-05,1.0
p3_threshold,0.05,209.28412666666665,118.2825,-91.00162666666667,-95.34230658333335,-86.968293,9.99990000099999e-06,1.0,0.03264183954011497,0.0003915687744730485,1407.9666666666667,55.5,-96.18445649999998,-88.96492583333333,9.99990000099999e-06,1.0,-95.27417666666665,-89.90234666666667,9.99990000099999e-06,1.0,5.999940000599994e-05,1.0
p3_threshold,0.1,214.54069333333334,118.2825,-96.25819333333332,-100.74882474999998,-92.08450658333334,9.99990000099999e-06,1.0,0.03383320836457552,0.0003915687744730485,1370.4666666666667,55.5,-100.27287999999999,-93.96594091666667,0.015359846401535985,1.0,-98.75061666666664,-94.04035666666667,0.12393876061239388,1.0,5.999940000599994e-05,1.0
p3_threshold,0.2,217.46100333333328,118.2825,-99.17850333333332,-104.93300808333333,-93.49334241666666,9.99990000099999e-06,1.0,0.03462467716404232,0.0003915687744730485,1447.1,55.5,-104.77859724999999,-95.21994558333331,0.015909840901590984,1.0,-103.98068666666664,-94.31621666666666,0.12596874031259686,1.0,5.999940000599994e-05,1.0
